t,x,y,z,qw,qx,qy,qz
0.000000,24.024719,-7.808955,5.458813,1.0,0.0,0.0,0.0
0.020000,24.024719,-7.758975,5.469682,1.0,0.0,0.0,0.0
0.040000,24.024719,-7.708995,5.480548,1.0,0.0,0.0,0.0
0.060000,24.024719,-7.659014,5.491406,1.0,0.0,0.0,0.0
0.080000,24.024719,-7.609034,5.502252,1.0,0.0,0.0,0.0
0.100000,24.024719,-7.559053,5.513083,1.0,0.0,0.0,0.0
0.120000,24.024719,-7.509073,5.523893,1.0,0.0,0.0,0.0
0.140000,24.024719,-7.459093,5.534680,1.0,0.0,0.0,0.0
0.160000,24.024719,-7.409112,5.545439,1.0,0.0,0.0,0.0
0.180000,24.024719,-7.359132,5.556167,1.0,0.0,0.0,0.0
0.200000,24.024719,-7.309151,5.566860,1.0,0.0,0.0,0.0
0.220000,24.024719,-7.259171,5.577513,1.0,0.0,0.0,0.0
0.240000,24.024719,-7.209191,5.588123,1.0,0.0,0.0,0.0
0.260000,24.024719,-7.159210,5.598686,1.0,0.0,0.0,0.0
0.280000,24.024719,-7.109230,5.609199,1.0,0.0,0.0,0.0
0.300000,24.024719,-7.059250,5.619656,1.0,0.0,0.0,0.0
0.320000,24.024719,-7.009269,5.630055,1.0,0.0,0.0,0.0
0.340000,24.024719,-6.959289,5.640392,1.0,0.0,0.0,0.0
0.360000,24.024719,-6.909308,5.650663,1.0,0.0,0.0,0.0
0.380000,24.024719,-6.859328,5.660865,1.0,0.0,0.0,0.0
0.400000,24.024719,-6.809348,5.670992,1.0,0.0,0.0,0.0
0.420000,24.024719,-6.759367,5.681043,1.0,0.0,0.0,0.0
0.440000,24.024719,-6.709387,5.691013,1.0,0.0,0.0,0.0
0.460000,24.024719,-6.659406,5.700899,1.0,0.0,0.0,0.0
0.480000,24.024719,-6.609426,5.710696,1.0,0.0,0.0,0.0
0.500000,24.024719,-6.559446,5.720403,1.0,0.0,0.0,0.0
0.520000,24.024719,-6.509465,5.730014,1.0,0.0,0.0,0.0
0.540000,24.024719,-6.459485,5.739526,1.0,0.0,0.0,0.0
0.560000,24.024719,-6.409504,5.748937,1.0,0.0,0.0,0.0
0.580000,24.024719,-6.359524,5.758242,1.0,0.0,0.0,0.0
0.600000,24.024719,-6.309544,5.767438,1.0,0.0,0.0,0.0
0.620000,24.024719,-6.259563,5.776522,1.0,0.0,0.0,0.0
0.640000,24.024719,-6.209583,5.785491,1.0,0.0,0.0,0.0
0.660000,24.024719,-6.159602,5.794341,1.0,0.0,0.0,0.0
0.680000,24.024719,-6.109622,5.803069,1.0,0.0,0.0,0.0
0.700000,24.024719,-6.059642,5.811671,1.0,0.0,0.0,0.0
0.720000,24.024719,-6.009661,5.820146,1.0,0.0,0.0,0.0
0.740000,24.024719,-5.959681,5.828489,1.0,0.0,0.0,0.0
0.760000,24.024719,-5.909701,5.836698,1.0,0.0,0.0,0.0
0.780000,24.024719,-5.859720,5.844770,1.0,0.0,0.0,0.0
0.800000,24.024719,-5.809740,5.852702,1.0,0.0,0.0,0.0
0.820000,24.024719,-5.759759,5.860490,1.0,0.0,0.0,0.0
0.840000,24.024719,-5.709779,5.868132,1.0,0.0,0.0,0.0
0.860000,24.024719,-5.659799,5.875626,1.0,0.0,0.0,0.0
0.880000,24.024719,-5.609818,5.882968,1.0,0.0,0.0,0.0
0.900000,24.024719,-5.559838,5.890156,1.0,0.0,0.0,0.0
0.920000,24.024719,-5.509857,5.897187,1.0,0.0,0.0,0.0
0.940000,24.024719,-5.459877,5.904059,1.0,0.0,0.0,0.0
0.960000,24.024719,-5.409897,5.910770,1.0,0.0,0.0,0.0
0.980000,24.024719,-5.359916,5.917316,1.0,0.0,0.0,0.0
1.000000,24.024719,-5.309936,5.923695,1.0,0.0,0.0,0.0
1.020000,24.024719,-5.259955,5.929905,1.0,0.0,0.0,0.0
1.040000,24.024719,-5.209975,5.935944,1.0,0.0,0.0,0.0
1.060000,24.024719,-5.159995,5.941810,1.0,0.0,0.0,0.0
1.080000,24.024719,-5.110014,5.947501,1.0,0.0,0.0,0.0
1.100000,24.024719,-5.060034,5.953013,1.0,0.0,0.0,0.0
1.120000,24.024719,-5.010054,5.958346,1.0,0.0,0.0,0.0
1.140000,24.024719,-4.960073,5.963498,1.0,0.0,0.0,0.0
1.160000,24.024719,-4.910093,5.968466,1.0,0.0,0.0,0.0
1.180000,24.024719,-4.860112,5.973249,1.0,0.0,0.0,0.0
1.200000,24.024719,-4.810132,5.977845,1.0,0.0,0.0,0.0
1.220000,24.024719,-4.760152,5.982253,1.0,0.0,0.0,0.0
1.240000,24.024719,-4.710171,5.986470,1.0,0.0,0.0,0.0
1.260000,24.024719,-4.660191,5.990495,1.0,0.0,0.0,0.0
1.280000,24.024719,-4.610210,5.994328,1.0,0.0,0.0,0.0
1.300000,24.024719,-4.560230,5.997965,1.0,0.0,0.0,0.0
1.320000,24.024719,-4.510250,6.001407,1.0,0.0,0.0,0.0
1.340000,24.024719,-4.460269,6.004652,1.0,0.0,0.0,0.0
1.360000,24.024719,-4.410289,6.007698,1.0,0.0,0.0,0.0
1.380000,24.024719,-4.360308,6.010545,1.0,0.0,0.0,0.0
1.400000,24.024719,-4.310328,6.013191,1.0,0.0,0.0,0.0
1.420000,24.024719,-4.260348,6.015636,1.0,0.0,0.0,0.0
1.440000,24.024719,-4.210367,6.017878,1.0,0.0,0.0,0.0
1.460000,24.024719,-4.160387,6.019918,1.0,0.0,0.0,0.0
1.480000,24.024719,-4.110406,6.021753,1.0,0.0,0.0,0.0
1.500000,24.024719,-4.060426,6.023384,1.0,0.0,0.0,0.0
1.520000,24.024719,-4.010446,6.024810,1.0,0.0,0.0,0.0
1.540000,24.024719,-3.960465,6.026030,1.0,0.0,0.0,0.0
1.560000,24.024719,-3.910485,6.027044,1.0,0.0,0.0,0.0
1.580000,24.024719,-3.860505,6.027851,1.0,0.0,0.0,0.0
1.600000,24.024719,-3.810524,6.028452,1.0,0.0,0.0,0.0
1.620000,24.024719,-3.760544,6.028845,1.0,0.0,0.0,0.0
1.640000,24.024719,-3.710563,6.029032,1.0,0.0,0.0,0.0
1.660000,24.024719,-3.660583,6.029011,1.0,0.0,0.0,0.0
1.680000,24.024719,-3.610603,6.028783,1.0,0.0,0.0,0.0
1.700000,24.024719,-3.560622,6.028348,1.0,0.0,0.0,0.0
1.720000,24.024719,-3.510642,6.027706,1.0,0.0,0.0,0.0
1.740000,24.024719,-3.460661,6.026857,1.0,0.0,0.0,0.0
1.760000,24.024719,-3.410681,6.025802,1.0,0.0,0.0,0.0
1.780000,24.024719,-3.360701,6.024541,1.0,0.0,0.0,0.0
1.800000,24.024719,-3.310720,6.023074,1.0,0.0,0.0,0.0
1.820000,24.024719,-3.260740,6.021402,1.0,0.0,0.0,0.0
1.840000,24.024719,-3.210759,6.019526,1.0,0.0,0.0,0.0
1.860000,24.024719,-3.160779,6.017446,1.0,0.0,0.0,0.0
1.880000,24.024719,-3.110799,6.015163,1.0,0.0,0.0,0.0
1.900000,24.024719,-3.060818,6.012678,1.0,0.0,0.0,0.0
1.920000,24.024719,-3.010838,6.009991,1.0,0.0,0.0,0.0
1.940000,24.024719,-2.960858,6.007105,1.0,0.0,0.0,0.0
1.960000,24.024719,-2.910877,6.004019,1.0,0.0,0.0,0.0
1.980000,24.024719,-2.860897,6.000735,1.0,0.0,0.0,0.0
2.000000,24.024719,-2.810916,5.997253,1.0,0.0,0.0,0.0
2.020000,24.024719,-2.760936,5.993577,1.0,0.0,0.0,0.0
2.040000,24.024719,-2.710956,5.989706,1.0,0.0,0.0,0.0
2.060000,24.024719,-2.660975,5.985642,1.0,0.0,0.0,0.0
2.080000,24.024719,-2.610995,5.981386,1.0,0.0,0.0,0.0
2.100000,24.024719,-2.561014,5.976941,1.0,0.0,0.0,0.0
2.120000,24.024719,-2.511034,5.972307,1.0,0.0,0.0,0.0
2.140000,24.024719,-2.461054,5.967487,1.0,0.0,0.0,0.0
2.160000,24.024719,-2.411073,5.962482,1.0,0.0,0.0,0.0
2.180000,24.024719,-2.361093,5.957294,1.0,0.0,0.0,0.0
2.200000,24.024719,-2.311112,5.951925,1.0,0.0,0.0,0.0
2.220000,24.024719,-2.261132,5.946377,1.0,0.0,0.0,0.0
2.240000,24.024719,-2.211152,5.940651,1.0,0.0,0.0,0.0
2.260000,24.024719,-2.161171,5.934750,1.0,0.0,0.0,0.0
2.280000,24.024719,-2.111191,5.928677,1.0,0.0,0.0,0.0
2.300000,24.024719,-2.061210,5.922432,1.0,0.0,0.0,0.0
2.320000,24.024719,-2.011230,5.916019,1.0,0.0,0.0,0.0
2.340000,24.024719,-1.961250,5.909440,1.0,0.0,0.0,0.0
2.360000,24.024719,-1.911269,5.902698,1.0,0.0,0.0,0.0
2.380000,24.024719,-1.861289,5.895794,1.0,0.0,0.0,0.0
2.400000,24.024719,-1.811309,5.888731,1.0,0.0,0.0,0.0
2.420000,24.024719,-1.761328,5.881512,1.0,0.0,0.0,0.0
2.440000,24.024719,-1.711348,5.874139,1.0,0.0,0.0,0.0
2.460000,24.024719,-1.661367,5.866616,1.0,0.0,0.0,0.0
2.480000,24.024719,-1.611387,5.858944,1.0,0.0,0.0,0.0
2.500000,24.024719,-1.561407,5.851127,1.0,0.0,0.0,0.0
2.520000,24.024719,-1.511426,5.843167,1.0,0.0,0.0,0.0
2.540000,24.024719,-1.461446,5.835067,1.0,0.0,0.0,0.0
2.560000,24.024719,-1.411465,5.826831,1.0,0.0,0.0,0.0
2.580000,24.024719,-1.361485,5.818461,1.0,0.0,0.0,0.0
2.600000,24.024719,-1.311505,5.809961,1.0,0.0,0.0,0.0
2.620000,24.024719,-1.261524,5.801333,1.0,0.0,0.0,0.0
2.640000,24.024719,-1.211544,5.792580,1.0,0.0,0.0,0.0
2.660000,24.024719,-1.161563,5.783706,1.0,0.0,0.0,0.0
2.680000,24.024719,-1.111583,5.774714,1.0,0.0,0.0,0.0
2.700000,24.024719,-1.061603,5.765607,1.0,0.0,0.0,0.0
2.720000,24.024719,-1.011622,5.756389,1.0,0.0,0.0,0.0
2.740000,24.024719,-0.961642,5.747063,1.0,0.0,0.0,0.0
2.760000,24.024719,-0.911662,5.737631,1.0,0.0,0.0,0.0
2.780000,24.024719,-0.861681,5.728099,1.0,0.0,0.0,0.0
2.800000,24.024719,-0.811701,5.718469,1.0,0.0,0.0,0.0
2.820000,24.024719,-0.761720,5.708744,1.0,0.0,0.0,0.0
2.840000,24.024719,-0.711740,5.698928,1.0,0.0,0.0,0.0
2.860000,24.024719,-0.661760,5.689026,1.0,0.0,0.0,0.0
2.880000,24.024719,-0.611779,5.679039,1.0,0.0,0.0,0.0
2.900000,24.024719,-0.561799,5.668973,1.0,0.0,0.0,0.0
2.920000,24.024719,-0.511818,5.658830,1.0,0.0,0.0,0.0
2.940000,24.024719,-0.461838,5.648614,1.0,0.0,0.0,0.0
2.960000,24.024719,-0.411858,5.638330,1.0,0.0,0.0,0.0
2.980000,24.024719,-0.361877,5.627980,1.0,0.0,0.0,0.0
3.000000,24.024719,-0.311897,5.617569,1.0,0.0,0.0,0.0
3.020000,24.024719,-0.261916,5.607100,1.0,0.0,0.0,0.0
3.040000,24.024719,-0.211936,5.596577,1.0,0.0,0.0,0.0
3.060000,24.024719,-0.161956,5.586005,1.0,0.0,0.0,0.0
3.080000,24.024719,-0.111975,5.575385,1.0,0.0,0.0,0.0
3.100000,24.024719,-0.061995,5.564724,1.0,0.0,0.0,0.0
3.120000,24.024719,-0.012014,5.554024,1.0,0.0,0.0,0.0
3.140000,24.024719,0.037966,5.543290,1.0,0.0,0.0,0.0
3.160000,24.024719,0.087946,5.532525,1.0,0.0,0.0,0.0
3.180000,24.024719,0.137927,5.521733,1.0,0.0,0.0,0.0
3.200000,24.024719,0.187907,5.510918,1.0,0.0,0.0,0.0
3.220000,24.024719,0.237887,5.500084,1.0,0.0,0.0,0.0
3.240000,24.024719,0.287868,5.489235,1.0,0.0,0.0,0.0
3.260000,24.024719,0.337848,5.478375,1.0,0.0,0.0,0.0
3.280000,24.024719,0.387829,5.467508,1.0,0.0,0.0,0.0
3.300000,24.024719,0.437809,5.456638,1.0,0.0,0.0,0.0
3.320000,24.024719,0.487789,5.445769,1.0,0.0,0.0,0.0
3.340000,24.024719,0.537770,5.434904,1.0,0.0,0.0,0.0
3.360000,24.024719,0.587750,5.424048,1.0,0.0,0.0,0.0
3.380000,24.024719,0.637731,5.413205,1.0,0.0,0.0,0.0
3.400000,24.024719,0.687711,5.402379,1.0,0.0,0.0,0.0
3.420000,24.024719,0.737691,5.391572,1.0,0.0,0.0,0.0
3.440000,24.024719,0.787672,5.380791,1.0,0.0,0.0,0.0
3.460000,24.024719,0.837652,5.370037,1.0,0.0,0.0,0.0
3.480000,24.024719,0.887633,5.359316,1.0,0.0,0.0,0.0
3.500000,24.024719,0.937613,5.348631,1.0,0.0,0.0,0.0
3.520000,24.024719,0.987593,5.337986,1.0,0.0,0.0,0.0
3.540000,24.024719,1.037574,5.327385,1.0,0.0,0.0,0.0
3.560000,24.024719,1.087554,5.316832,1.0,0.0,0.0,0.0
3.580000,24.024719,1.137534,5.306330,1.0,0.0,0.0,0.0
3.600000,24.024719,1.187515,5.295884,1.0,0.0,0.0,0.0
3.620000,24.024719,1.237495,5.285497,1.0,0.0,0.0,0.0
3.640000,24.024719,1.287476,5.275173,1.0,0.0,0.0,0.0
3.660000,24.024719,1.337456,5.264916,1.0,0.0,0.0,0.0
3.680000,24.024719,1.387436,5.254729,1.0,0.0,0.0,0.0
3.700000,24.024719,1.437417,5.244616,1.0,0.0,0.0,0.0
3.720000,24.024719,1.487397,5.234581,1.0,0.0,0.0,0.0
3.740000,24.024719,1.537378,5.224628,1.0,0.0,0.0,0.0
3.760000,24.024719,1.587358,5.214759,1.0,0.0,0.0,0.0
3.780000,24.024719,1.637338,5.204980,1.0,0.0,0.0,0.0
3.800000,24.024719,1.687319,5.195292,1.0,0.0,0.0,0.0
3.820000,24.024719,1.737299,5.185701,1.0,0.0,0.0,0.0
3.840000,24.024719,1.787280,5.176209,1.0,0.0,0.0,0.0
3.860000,24.024719,1.837260,5.166819,1.0,0.0,0.0,0.0
3.880000,24.024719,1.887240,5.157535,1.0,0.0,0.0,0.0
3.900000,24.024719,1.937221,5.148361,1.0,0.0,0.0,0.0
3.920000,24.024719,1.987201,5.139300,1.0,0.0,0.0,0.0
3.940000,24.024719,2.037181,5.130355,1.0,0.0,0.0,0.0
3.960000,24.024719,2.087162,5.121529,1.0,0.0,0.0,0.0
3.980000,24.024719,2.137142,5.112826,1.0,0.0,0.0,0.0
4.000000,24.024719,2.187123,5.104248,1.0,0.0,0.0,0.0
4.020000,24.024719,2.237103,5.095800,1.0,0.0,0.0,0.0
4.040000,24.024719,2.287083,5.087483,1.0,0.0,0.0,0.0
4.060000,24.024719,2.337064,5.079301,1.0,0.0,0.0,0.0
4.080000,24.024719,2.387044,5.071257,1.0,0.0,0.0,0.0
4.100000,24.024719,2.437025,5.063354,1.0,0.0,0.0,0.0
4.120000,24.024719,2.487005,5.055595,1.0,0.0,0.0,0.0
4.140000,24.024719,2.536985,5.047982,1.0,0.0,0.0,0.0
4.160000,24.024719,2.586966,5.040518,1.0,0.0,0.0,0.0
4.180000,24.024719,2.636946,5.033207,1.0,0.0,0.0,0.0
4.200000,24.024719,2.686927,5.026050,1.0,0.0,0.0,0.0
4.220000,24.024719,2.736907,5.019050,1.0,0.0,0.0,0.0
4.240000,24.024719,2.786887,5.012211,1.0,0.0,0.0,0.0
4.260000,24.024719,2.836868,5.005533,1.0,0.0,0.0,0.0
4.280000,24.024719,2.886848,4.999020,1.0,0.0,0.0,0.0
4.300000,24.024719,2.936829,4.992675,1.0,0.0,0.0,0.0
4.320000,24.024719,2.986809,4.986498,1.0,0.0,0.0,0.0
4.340000,24.024719,3.036789,4.980494,1.0,0.0,0.0,0.0
4.360000,24.024719,3.086770,4.974663,1.0,0.0,0.0,0.0
4.380000,24.024719,3.136750,4.969008,1.0,0.0,0.0,0.0
4.400000,24.024719,3.186730,4.963531,1.0,0.0,0.0,0.0
4.420000,24.024719,3.236711,4.958234,1.0,0.0,0.0,0.0
4.440000,24.024719,3.286691,4.953119,1.0,0.0,0.0,0.0
4.460000,24.024719,3.336672,4.948187,1.0,0.0,0.0,0.0
4.480000,24.024719,3.386652,4.943442,1.0,0.0,0.0,0.0
4.500000,24.024719,3.436632,4.938883,1.0,0.0,0.0,0.0
4.520000,24.024719,3.486613,4.934514,1.0,0.0,0.0,0.0
4.540000,24.024719,3.536593,4.930335,1.0,0.0,0.0,0.0
4.560000,24.024719,3.586574,4.926348,1.0,0.0,0.0,0.0
4.580000,24.024719,3.636554,4.922554,1.0,0.0,0.0,0.0
4.600000,24.024719,3.686534,4.918956,1.0,0.0,0.0,0.0
4.620000,24.024719,3.736515,4.915553,1.0,0.0,0.0,0.0
4.640000,24.024719,3.786495,4.912348,1.0,0.0,0.0,0.0
4.660000,24.024719,3.836476,4.909342,1.0,0.0,0.0,0.0
4.680000,24.024719,3.886456,4.906535,1.0,0.0,0.0,0.0
4.700000,24.024719,3.936436,4.903929,1.0,0.0,0.0,0.0
4.720000,24.024719,3.986417,4.901525,1.0,0.0,0.0,0.0
4.740000,24.024719,4.036397,4.899323,1.0,0.0,0.0,0.0
4.760000,24.024719,4.086377,4.897324,1.0,0.0,0.0,0.0
4.780000,24.024719,4.136358,4.895529,1.0,0.0,0.0,0.0
4.800000,24.024719,4.186338,4.893940,1.0,0.0,0.0,0.0
4.820000,24.024719,4.236319,4.892555,1.0,0.0,0.0,0.0
4.840000,24.024719,4.286299,4.891376,1.0,0.0,0.0,0.0
4.860000,24.024719,4.336279,4.890404,1.0,0.0,0.0,0.0
4.880000,24.024719,4.386260,4.889637,1.0,0.0,0.0,0.0
4.900000,24.024719,4.436240,4.889078,1.0,0.0,0.0,0.0
4.920000,24.024719,4.486221,4.888726,1.0,0.0,0.0,0.0
4.940000,24.024719,4.536201,4.888581,1.0,0.0,0.0,0.0
4.960000,24.024719,4.586181,4.888643,1.0,0.0,0.0,0.0
4.980000,24.024719,4.636162,4.888912,1.0,0.0,0.0,0.0
5.000000,24.024719,4.686142,4.889389,1.0,0.0,0.0,0.0
5.020000,24.024719,4.736123,4.890072,1.0,0.0,0.0,0.0
5.040000,24.024719,4.786103,4.890962,1.0,0.0,0.0,0.0
5.060000,24.024719,4.836083,4.892059,1.0,0.0,0.0,0.0
5.080000,24.024719,4.886064,4.893361,1.0,0.0,0.0,0.0
5.100000,24.024719,4.936044,4.894869,1.0,0.0,0.0,0.0
5.120000,24.024719,4.986025,4.896582,1.0,0.0,0.0,0.0
5.140000,24.024719,5.036005,4.898499,1.0,0.0,0.0,0.0
5.160000,24.024719,5.085985,4.900620,1.0,0.0,0.0,0.0
5.180000,24.024719,5.135966,4.902943,1.0,0.0,0.0,0.0
5.200000,24.024719,5.185946,4.905469,1.0,0.0,0.0,0.0
5.220000,24.024719,5.235926,4.908195,1.0,0.0,0.0,0.0
5.240000,24.024719,5.285907,4.911122,1.0,0.0,0.0,0.0
5.260000,24.024719,5.335887,4.914248,1.0,0.0,0.0,0.0
5.280000,24.024719,5.385868,4.917571,1.0,0.0,0.0,0.0
5.300000,24.024719,5.435848,4.921092,1.0,0.0,0.0,0.0
5.320000,24.024719,5.485828,4.924807,1.0,0.0,0.0,0.0
5.340000,24.024719,5.535809,4.928717,1.0,0.0,0.0,0.0
5.360000,24.024719,5.585789,4.932819,1.0,0.0,0.0,0.0
5.380000,24.024719,5.635770,4.937113,1.0,0.0,0.0,0.0
5.400000,24.024719,5.685750,4.941596,1.0,0.0,0.0,0.0
5.420000,24.024719,5.735730,4.946267,1.0,0.0,0.0,0.0
5.440000,24.024719,5.785711,4.951124,1.0,0.0,0.0,0.0
5.460000,24.024719,5.835691,4.956166,1.0,0.0,0.0,0.0
5.480000,24.024719,5.885672,4.961391,1.0,0.0,0.0,0.0
5.500000,24.024719,5.935652,4.966796,1.0,0.0,0.0,0.0
5.520000,24.024719,5.985632,4.972380,1.0,0.0,0.0,0.0
5.540000,24.024719,6.035613,4.978141,1.0,0.0,0.0,0.0
5.560000,24.024719,6.085593,4.984076,1.0,0.0,0.0,0.0
5.580000,24.024719,6.135573,4.990184,1.0,0.0,0.0,0.0
5.600000,24.024719,6.185554,4.996462,1.0,0.0,0.0,0.0
5.620000,24.024719,6.235534,5.002908,1.0,0.0,0.0,0.0
5.640000,24.024719,6.285515,5.009520,1.0,0.0,0.0,0.0
5.660000,24.024719,6.335495,5.016296,1.0,0.0,0.0,0.0
5.680000,24.024719,6.385475,5.023232,1.0,0.0,0.0,0.0
5.700000,24.024719,6.435456,5.030326,1.0,0.0,0.0,0.0
5.720000,24.024719,6.485436,5.037576,1.0,0.0,0.0,0.0
5.740000,24.024719,6.535417,5.044979,1.0,0.0,0.0,0.0
5.760000,24.024719,6.585397,5.052532,1.0,0.0,0.0,0.0
5.780000,24.024719,6.635377,5.060234,1.0,0.0,0.0,0.0
5.800000,24.024719,6.685358,5.068079,1.0,0.0,0.0,0.0
5.820000,24.024719,6.735338,5.076067,1.0,0.0,0.0,0.0
5.840000,24.024719,6.785319,5.084194,1.0,0.0,0.0,0.0
5.860000,24.024719,6.835299,5.092458,1.0,0.0,0.0,0.0
5.880000,24.024719,6.885279,5.100854,1.0,0.0,0.0,0.0
5.900000,24.024719,6.935260,5.109380,1.0,0.0,0.0,0.0
5.920000,24.024719,6.985240,5.118033,1.0,0.0,0.0,0.0
5.940000,24.024719,7.035221,5.126811,1.0,0.0,0.0,0.0
5.960000,24.024719,7.085201,5.135708,1.0,0.0,0.0,0.0
5.980000,24.024719,7.135181,5.144724,1.0,0.0,0.0,0.0
6.000000,24.024719,7.185162,5.153853,1.0,0.0,0.0,0.0
6.020000,24.024719,7.235142,5.163093,1.0,0.0,0.0,0.0
6.040000,24.024719,7.285122,5.172441,1.0,0.0,0.0,0.0
6.060000,24.024719,7.335103,5.181893,1.0,0.0,0.0,0.0
6.080000,24.024719,7.385083,5.191445,1.0,0.0,0.0,0.0
6.100000,24.024719,7.435064,5.201094,1.0,0.0,0.0,0.0
6.120000,24.024719,7.485044,5.210837,1.0,0.0,0.0,0.0
6.140000,24.024719,7.535024,5.220671,1.0,0.0,0.0,0.0
6.160000,24.024719,7.585005,5.230591,1.0,0.0,0.0,0.0
6.180000,24.024719,7.634985,5.240593,1.0,0.0,0.0,0.0
6.200000,24.024719,7.684966,5.250675,1.0,0.0,0.0,0.0
6.220000,24.024719,7.734946,5.260833,1.0,0.0,0.0,0.0
6.240000,24.024719,7.784926,5.271063,1.0,0.0,0.0,0.0
6.260000,24.024719,7.834907,5.281360,1.0,0.0,0.0,0.0
6.280000,24.024719,7.884887,5.291723,1.0,0.0,0.0,0.0
6.300000,24.024719,7.934868,5.302146,1.0,0.0,0.0,0.0
6.320000,24.024719,7.984848,5.312626,1.0,0.0,0.0,0.0
6.340000,24.024719,8.034828,5.323159,1.0,0.0,0.0,0.0
6.360000,24.024719,8.084809,5.333741,1.0,0.0,0.0,0.0
6.380000,24.024719,8.134789,5.344369,1.0,0.0,0.0,0.0
6.400000,24.024719,8.184769,5.355038,1.0,0.0,0.0,0.0
6.420000,24.024719,8.234750,5.365746,1.0,0.0,0.0,0.0
6.440000,24.024719,8.284730,5.376486,1.0,0.0,0.0,0.0
6.460000,24.024719,8.334711,5.387257,1.0,0.0,0.0,0.0
6.480000,24.024719,8.384691,5.398054,1.0,0.0,0.0,0.0
6.500000,24.024719,8.434671,5.408873,1.0,0.0,0.0,0.0
6.520000,24.024719,8.484652,5.419710,1.0,0.0,0.0,0.0
6.540000,24.024719,8.534632,5.430562,1.0,0.0,0.0,0.0
6.560000,24.024719,8.584613,5.441423,1.0,0.0,0.0,0.0
6.580000,24.024719,8.634593,5.452291,1.0,0.0,0.0,0.0
6.591999,24.024719,8.664579,5.458813,1.0,0.0,0.0,0.0
