rpg_box01, 12.027753447293017, -0.9478366102276308, 5.564162400132049, -0.5384839326238674, 0.34240488402583025, 0.711729784373133, 0.2936573917635406, 1.9794653036524692, 1.9794653036524692, 1.9794653036524692
rpg_box01, 30.863655921690707, 9.944878298473625, 3.1137312246536766, 0.9466849588562064, -0.14064142147687944, 0.16750844424630495, -0.23653435341735898, 2.882604563859299, 2.882604563859299, 2.882604563859299
rpg_box01, 22.54715291171707, -2.7672409037203334, 5.738302571113481, 0.7911902484533831, -0.3803742706428734, 0.47732468669477607, 0.03865939028114232, 1.2236375109251085, 1.2236375109251085, 1.2236375109251085
rpg_box01, 6.381813685752393, 3.7490119456883306, 9.317246309486597, 0.5357151625700118, -0.47021853239181605, 0.4678867147309158, 0.5224804480228741, 2.3750856688619106, 2.3750856688619106, 2.3750856688619106
rpg_box01, 0.3462582226525357, 9.741016567096302, 5.9772598243940855, -0.036489264942272254, -0.7670812462983727, 0.09758622485209252, -0.6330338251945347, 2.592003972335424, 2.592003972335424, 2.592003972335424
rpg_box01, 43.736442970772096, 3.04748498630714, 7.048738870373853, 0.42204651143815697, -0.4574140564911055, 0.5145877838608721, 0.5897868562526547, 1.4514780007652563, 1.4514780007652563, 1.4514780007652563
rpg_box01, 31.492117971961374, -0.39139163362014884, 2.278552918459582, 0.4200551567491606, 0.634407946150542, -0.18012711583760171, 0.6234055223444175, 0.674017395266026, 0.674017395266026, 0.674017395266026
rpg_box01, 48.57930956195887, 8.6415405969611, 9.30093121196326, -0.052431776413995754, -0.8286774232923616, -0.412679527121601, 0.3744866417407922, 1.3448199381754515, 1.3448199381754515, 1.3448199381754515
rpg_box01, 9.164202003243982, -0.9978377107386862, 8.973096119400934, 0.33258604836406513, 0.7461195137732719, -0.5383155084487822, 0.20714392330899145, 2.285498009464041, 2.285498009464041, 2.285498009464041
rpg_box01, 59.55310359267438, -4.308963496684557, 6.7638435964114, 0.4262198624806762, -0.008352425329097371, -0.2592346624772189, 0.8666396342127435, 1.1717087083193238, 1.1717087083193238, 1.1717087083193238
rpg_box01, 59.58682415454653, 7.479991389606532, 9.368547900399035, -0.15906794616748218, 0.5532380336250771, -0.49742672961845547, -0.6489928468895517, 1.7745248825599844, 1.7745248825599844, 1.7745248825599844
rpg_box01, 28.12677644323323, 1.5183285116937366, 8.824111328280843, 0.5270281277878454, 0.4695927290383922, 0.5473995725944235, -0.44953056545484893, 2.1008512816278517, 2.1008512816278517, 2.1008512816278517
rpg_box01, 10.485785074181342, 8.654477033760081, 6.053974123805678, 0.37955551936289256, -0.6174855052229037, -0.4093778434432573, -0.5541290823071173, 1.4298321543138592, 1.4298321543138592, 1.4298321543138592
rpg_box01, 49.17982816094099, -6.86427121610463, 1.4686905313932164, 0.19331657364112784, 0.7212102981016556, -0.48601972138586597, -0.4541687337232505, 2.6583856255782146, 2.6583856255782146, 2.6583856255782146
rpg_box01, 49.820225450061, -6.187083065839298, 7.2857688922271375, 0.08634526935485697, -0.05444564542575145, 0.8181161988047618, 0.5659205345341852, 0.3921139014094497, 0.3921139014094497, 0.3921139014094497
rpg_box01, 29.41598122405953, 9.43930388372359, 3.0571417963423086, 0.6851953828999207, -0.2870644566456946, -0.6039158295703518, -0.2887679964568395, 2.1809193026059415, 2.1809193026059415, 2.1809193026059415
rpg_box01, 41.83373309207204, 9.317206844261804, 5.52707664534125, 0.3296944196248787, -0.009975195333917178, 0.9058728165985677, -0.26570006641708305, 2.541175522406976, 2.541175522406976, 2.541175522406976
rpg_box01, 47.58131587897145, -8.554655648424486, 7.0375944632357506, 0.7685820479021006, -0.2333127108070182, -0.46182902197850195, 0.3762456233325169, 2.309994256955354, 2.309994256955354, 2.309994256955354
rpg_box01, 42.52827395822136, -7.632207918300924, 2.327307658547192, 0.3166667455776558, 0.5689817703324082, -0.2383392313990122, 0.7205389150148541, 2.9548087642452927, 2.9548087642452927, 2.9548087642452927
rpg_box01, 24.680900000968983, 7.454139143583376, 3.978389355190497, 0.5781138776621321, 0.1435822256409542, 0.08776200561397131, -0.798414879185663, 2.1361234865848724, 2.1361234865848724, 2.1361234865848724
rpg_box01, 9.01095302285871, -3.750254622592333, 6.982012888523192, 0.6600065257509244, 0.03390341290465024, 0.7481246097762028, -0.059594570279643794, 2.906767151447692, 2.906767151447692, 2.906767151447692
rpg_box01, 55.626683940595285, -1.037616992151067, 3.3723820646235945, 0.8390371500308839, 0.06330961550313732, -0.3313393046479287, -0.4268756477574286, 0.547251947123188, 0.547251947123188, 0.547251947123188
rpg_box01, 56.43672078064007, -9.59807157889099, 4.178156693398164, 0.7768173683694968, 0.09550153305377329, 0.6144612545227535, 0.09935592621576378, 2.500871456320733, 2.500871456320733, 2.500871456320733
rpg_box01, 34.43479840732729, 1.574226682337498, 5.6024256476442496, 0.7747231304030997, -0.16564714546458587, 0.2774365741121206, 0.543501648353329, 1.0862479991959568, 1.0862479991959568, 1.0862479991959568
rpg_box01, 36.94234961873291, -9.623484939216686, 6.28300193155969, 0.31597612435735256, 0.28321750387924355, 0.10358470870843003, 0.8995649740037165, 0.1832713864362322, 0.1832713864362322, 0.1832713864362322
rpg_box01, 37.87072488055259, -8.069843404280565, 2.9829913272896724, 0.4835911293527755, 0.8155366659456236, -0.3046881271942355, 0.09057986120806792, 0.27142787749125663, 0.27142787749125663, 0.27142787749125663
rpg_box01, 13.294373480234974, -4.506275199074576, 4.291585713652724, -0.16566956171670452, -0.6985198774189244, 0.3325859765506024, -0.6115636887300683, 1.7677203541450786, 1.7677203541450786, 1.7677203541450786
rpg_box01, 20.562031928511967, 9.183779968592994, 9.828349161822796, 0.3457837846832739, 0.504006587395695, -0.1666940297087444, 0.7737079775802477, 2.0849973774211006, 2.0849973774211006, 2.0849973774211006
rpg_box01, 51.430427634843916, -1.9528101606881147, 6.430625457536196, 0.6532265207264161, 0.2697588135033131, -0.6920269438169141, -0.14705102579841955, 1.3030182006666886, 1.3030182006666886, 1.3030182006666886
rpg_box01, 41.6327914481214, 2.8449493970171105, 8.897532306094085, 0.8834310845627845, 0.1665006720824344, 0.16679152941179876, 0.40497855590239945, 1.95724412098409, 1.95724412098409, 1.95724412098409
rpg_box01, 25.898411423755643, -5.518188591494681, 4.037768676609166, 0.6393324414381484, 0.26036411218697775, 0.4115015856827983, 0.5950890718122509, 2.37366345148247, 2.37366345148247, 2.37366345148247
rpg_box01, 10.483871677445116, -3.9448437275229464, 1.4870973811999122, 0.3534234309728932, -0.34669732405181075, 0.7740866351796353, -0.3945665028495613, 0.2723398972182513, 0.2723398972182513, 0.2723398972182513
rpg_box01, 25.478415540311964, 4.629477392876913, 4.179448525988599, 0.4244945889705651, 0.832801446805615, -0.35523490823048726, -0.007365738772372482, 2.97619678233585, 2.97619678233585, 2.97619678233585
rpg_box01, 24.687608812276586, 7.699993516537024, 5.683873142461399, 0.7725097834925546, 0.5437324023652645, 0.15055971849590427, -0.2914026084180076, 2.28921305908036, 2.28921305908036, 2.28921305908036
rpg_box01, 52.470103210602545, -3.8158811788082847, 8.307381945706808, 0.7845946276832786, 0.5668745990746669, 0.1960983393013645, 0.1568754297451329, 2.396817426774589, 2.396817426774589, 2.396817426774589
rpg_box01, 29.88034336725105, -2.1943296599182904, 0.9030127990903403, 0.03140402302225309, 0.058479944383708224, 0.9896830382977295, 0.1269699458481062, 1.491182343933005, 1.491182343933005, 1.491182343933005
rpg_box01, 17.598569903183247, 8.890739447129153, 0.2864846129634413, 0.10063521137037512, -0.5336099200794752, -0.7242278341138241, 0.42500241378139875, 1.2876947493833089, 1.2876947493833089, 1.2876947493833089
rpg_box01, 27.306464475279594, -9.589363939627829, 2.2490686605717682, 0.06669909177350178, 0.9006497886587537, -0.42002908966592917, 0.08920063441446738, 1.7094467962775868, 1.7094467962775868, 1.7094467962775868
rpg_box01, 43.03207840055893, -4.283647049019789, 9.664848518205286, 0.5999763484882852, -0.4370732879201309, -0.529509740310687, -0.4106272727881805, 0.9542702359408731, 0.9542702359408731, 0.9542702359408731
rpg_box01, 55.484736555129885, 6.4273722590891005, 7.119405248689084, 0.2648670779402989, -0.3504941460978366, 0.3931746329773653, 0.8077208630199112, 1.1211457602016408, 1.1211457602016408, 1.1211457602016408
rpg_box01, 14.494968670372417, -6.172801682010998, 7.097479513539828, 0.16933087765725585, 0.8145674373155527, 0.5259753335069502, 0.1765131510093488, 2.738012719196422, 2.738012719196422, 2.738012719196422
rpg_box01, 4.300387803293104, 0.7073556688148575, 9.861843449484397, 0.7722352992188297, -0.06324665416888968, 0.12146063364469842, -0.6204029479712952, 1.3753222099009754, 1.3753222099009754, 1.3753222099009754
rpg_box01, 42.8305803877481, 4.958871110347188, 0.7786954805917823, 0.8418686924939148, -0.07823836766931813, -0.5190639729858814, 0.12533337293450258, 0.5619474456383636, 0.5619474456383636, 0.5619474456383636
rpg_box01, 8.212196861521706, -5.263588173116636, 4.935008187210995, 0.06004281518854371, 0.6420577013630612, -0.18532006222027522, -0.7414939264776819, 1.936801505641412, 1.936801505641412, 1.936801505641412
rpg_box01, 7.500787715872164, -6.681695108867234, 1.8889396413260107, 0.44226808221944014, -0.641806749717159, -0.4929018821137754, -0.38669209207861055, 0.7630791625897083, 0.7630791625897083, 0.7630791625897083
rpg_box01, 36.164934423933715, -0.18012206225982652, 1.0792694390688329, 0.43364749496707267, -0.27930256716539814, -0.8567028160699299, -0.0004593707136245906, 0.5368441099354099, 0.5368441099354099, 0.5368441099354099
rpg_box01, 51.17653101483933, -2.8567935288557305, 7.4066862675302145, 0.7033070287497274, 0.17753738939197483, -0.6621200044672303, 0.18824664236959834, 1.932993487677936, 1.932993487677936, 1.932993487677936
rpg_box01, 45.14029355827018, -9.51981763900859, 5.172362977703112, 0.09672306630250556, -0.903194209124508, -0.163542588360236, 0.38488789386187533, 0.6071143348288277, 0.6071143348288277, 0.6071143348288277
rpg_box01, 8.549226433288391, -4.780354752771245, 4.669618700605273, 0.34970510158217444, 0.5123612250523303, -0.5671663076324087, -0.541769966385085, 0.3972713978992255, 0.3972713978992255, 0.3972713978992255
rpg_box01, 58.95325499776747, 5.56722836640308, 6.872309914050802, 0.20790382826187775, -0.9008185784015795, 0.09846350609336857, -0.3682483197088804, 1.5150401343956232, 1.5150401343956232, 1.5150401343956232
rpg_box01, 57.144185505354166, -2.6755851394971364, 5.347205631294443, 0.27163667006807335, 0.029568523803388744, -0.5751326374218563, -0.7710782523496542, 0.7280651029817633, 0.7280651029817633, 0.7280651029817633
rpg_box01, 9.29369924955909, 4.806571069653533, 5.676263788000023, 0.64378811585634, 0.4990219635992469, -0.5598700037480682, -0.1518536157976935, 1.7826840055657154, 1.7826840055657154, 1.7826840055657154
rpg_box01, 15.073662638145926, 3.59031770467087, 6.497705061439744, -0.4721915396268234, -0.44750232206374574, 0.6267119357547462, -0.42896266881273537, 1.5732239061917555, 1.5732239061917555, 1.5732239061917555
rpg_box01, 28.718977943819837, -5.795853072068384, 9.182876418041287, 0.5639911910511237, 0.19767854978868393, -0.7696085629712731, -0.22481055840745037, 2.630935561603253, 2.630935561603253, 2.630935561603253
rpg_box01, 28.661272370172682, -9.451603421415292, 8.598114103297657, 0.6672983408341623, -0.35287595116544995, 0.6457068103535214, 0.11512689725748115, 1.5864444898233265, 1.5864444898233265, 1.5864444898233265
rpg_box01, 51.45685049156007, -5.022941378028696, 5.87314973251364, 0.5250491319730686, 0.6345917997336452, 0.5627938660149692, 0.06985500054445143, 1.5046042016185064, 1.5046042016185064, 1.5046042016185064
rpg_box01, 34.70422420134431, 3.131092088082818, 0.9384133405374517, 0.6052287064595501, -0.39282334472259944, 0.5402917184516107, 0.4329813987815819, 1.5358393353842066, 1.5358393353842066, 1.5358393353842066
rpg_box01, 16.92278913215174, -6.360155512519691, 9.905781423552973, -0.2388445777637325, -0.6396504391891603, -0.3902833246108749, 0.6176402754424787, 0.6669617292588016, 0.6669617292588016, 0.6669617292588016
rpg_box01, 23.163582043212315, 4.335625124274253, 4.440593714603667, 0.5763682907162875, -0.3539522006718622, -0.6153247871142664, -0.4048368059590354, 0.3273307244099216, 0.3273307244099216, 0.3273307244099216
rpg_box01, 42.81387420700377, -3.04372301949968, 3.9559201984828194, -0.08086072111348447, -0.5707920390457881, 0.575960600842381, -0.579592424226061, 1.1096807708761998, 1.1096807708761998, 1.1096807708761998
rpg_box01, 10.37778425498148, -8.69381461201815, 9.798877126460852, 0.3053389056723053, -0.671720249740053, 0.1682125351364756, 0.6536548032371214, 1.874644182492673, 1.874644182492673, 1.874644182492673
rpg_box01, 42.37192779934832, 9.671291177014439, 3.4858503400558503, 0.5548268453669138, 0.1452414480307639, 0.7627868268725222, -0.2987111484090853, 2.3164285007011514, 2.3164285007011514, 2.3164285007011514
rpg_box01, 40.398712440473545, -9.015619733169814, 4.393925370302637, 0.43126818914161247, -0.2598596899102274, 0.7342584796883681, 0.45535170538826497, 1.7644706152555676, 1.7644706152555676, 1.7644706152555676
rpg_box01, 31.809212027496706, 8.492628092364392, 3.879599238662701, -0.2976030265680427, -0.09681748689267426, -0.9491664890769574, 0.033790365825920855, 0.5528292467122821, 0.5528292467122821, 0.5528292467122821
rpg_box01, 54.95035460055824, 2.6469198594460774, 4.977090694058055, -0.24531371756961756, -0.4161702999601558, 0.6915661224839917, -0.5369913962399251, 2.5107934516413546, 2.5107934516413546, 2.5107934516413546
rpg_box01, 53.09212024939737, -4.905025676323906, 3.289078208254992, 0.5847870243553354, -0.4049434151307325, 0.6918402213145151, 0.12410509602500033, 0.10953494201580113, 0.10953494201580113, 0.10953494201580113
rpg_box01, 38.26208972534983, -9.729707194438795, 2.3328438464638177, 0.6858059311479558, 0.17495235885363353, -0.6822547560842556, 0.183276689009398, 1.557005213991303, 1.557005213991303, 1.557005213991303
rpg_box01, 43.29902472740447, -8.86322402264745, 1.2102217869145215, 0.5023257729483475, 0.7078458551801712, -0.3299193090386185, 0.37118231727761225, 1.2644452615567827, 1.2644452615567827, 1.2644452615567827
rpg_box01, 8.195199114504542, 5.272547279918765, 5.671757068708482, 0.06911057161698919, 0.6090823351394421, -0.25761606058341935, -0.7469112418763942, 0.6031997915217616, 0.6031997915217616, 0.6031997915217616
rpg_box01, 27.107600387966247, 8.801449023866951, 3.313320752683796, 0.2368472859415029, 0.6040267340004359, -0.0985353471797561, -0.7545500998019121, 2.747162754245312, 2.747162754245312, 2.747162754245312
rpg_box01, 11.739953682404227, 7.704684633542676, 3.4809558057357326, 0.24951084627213455, 0.5685657571427849, -0.4261215808556228, -0.6579496300829721, 2.1474706141120414, 2.1474706141120414, 2.1474706141120414
rpg_box01, 15.43067196929398, 9.805564237051954, 9.136032434323887, 0.6340392932154342, -0.16237848200045166, 0.7554990007953397, 0.02913182176495402, 2.0603322072028414, 2.0603322072028414, 2.0603322072028414
rpg_box01, 2.1201027365768654, 3.4748453921904847, 1.5641505475506223, 0.804708063094973, 0.03248438633283679, 0.5396709708043945, -0.245244655610593, 0.13846725606387583, 0.13846725606387583, 0.13846725606387583
rpg_box01, 33.239256812261495, 3.867193166380126, 5.814490221142804, 0.621818875836418, 0.23743824536627967, -0.7427726953184741, 0.07247819244603701, 1.4547631127816774, 1.4547631127816774, 1.4547631127816774
rpg_box01, 37.74222565187088, -2.422127483866923, 7.949125015017918, 0.057050971778432505, 0.1017658749114094, 0.29166144581487813, -0.9493800579050662, 1.8401213506260832, 1.8401213506260832, 1.8401213506260832
rpg_box01, 11.4905331734983, 5.706876899665108, 5.523843820905377, 0.5195909409344754, 0.8207926834464095, -0.11758875010004866, 0.2061492438734061, 2.911532393039826, 2.911532393039826, 2.911532393039826
rpg_box01, 45.70692245985645, -3.3900652025657996, 6.671964237713129, -0.07702328968444366, -0.7741758695386076, -0.39740273023200323, 0.4866109389178142, 0.6461716398693674, 0.6461716398693674, 0.6461716398693674
rpg_box01, 35.34222340668389, -0.3593932324858624, 0.8486174881476471, 0.5191464629427803, -0.5797688963009386, 0.40525263577143444, -0.47971374599473066, 2.942140681657429, 2.942140681657429, 2.942140681657429
rpg_box01, 51.11424185220261, 8.736100979390763, 8.081072678903173, 0.743830295190318, 0.0013277572564262818, 0.4853473956433328, 0.4595134759286028, 0.21914129743513355, 0.21914129743513355, 0.21914129743513355
rpg_box01, 14.535752485458822, 9.384861919125722, 8.581445227029242, 0.6238236563171558, -0.600430542382169, 0.23300975718930278, -0.44275688887732934, 1.0264053064171104, 1.0264053064171104, 1.0264053064171104
rpg_box01, 55.73771426520715, -4.844447091126134, 5.658081962512762, 0.007650518755602286, 0.8279098700421269, 0.560808959228102, 0.00016703021291153246, 0.5817093048960745, 0.5817093048960745, 0.5817093048960745
rpg_box01, 18.33660969445479, -0.06764659400453787, 7.682906780202952, -0.3612020312382787, 0.28838039047053676, 0.8207276204021186, 0.33582140511063074, 1.5389145169585057, 1.5389145169585057, 1.5389145169585057
rpg_box01, 7.167356289171137, 2.7765244809261986, 3.975696363960247, 0.4456363238024479, 0.38802272863317777, -0.6546690473520924, -0.47143935708742774, 2.375819412215391, 2.375819412215391, 2.375819412215391
rpg_box01, 42.46478859798322, -0.8552323601847416, 7.719669838729299, -0.1215424614466952, 0.23956490313634027, -0.9579316672463821, -0.10100994078466269, 0.9051930295446444, 0.9051930295446444, 0.9051930295446444
rpg_box01, 36.119602944033026, -5.707595997855028, 1.3438513890871784, 0.03289030731685621, -0.37315683842216046, -0.022089174824077323, -0.9269219330552987, 0.5253757859622646, 0.5253757859622646, 0.5253757859622646
rpg_box01, 50.323950829840705, -6.447725222847307, 5.878712863768442, 0.5974993866074811, -0.4596799448155306, 0.5263109677437029, 0.39330089825826914, 2.1373495436652843, 2.1373495436652843, 2.1373495436652843
rpg_box01, 51.32619292039372, -0.24362925834995863, 2.274466712772363, 0.585398025763958, -0.23088588110085895, -0.6962483890943248, 0.3453100664960377, 1.8304946323469948, 1.8304946323469948, 1.8304946323469948
rpg_box01, 32.32752663432059, -2.6209682224402053, 4.358678929533247, 0.7102623572329598, 0.12697759827953636, 0.14952170577224141, -0.6760527589885269, 1.6409433653224605, 1.6409433653224605, 1.6409433653224605
rpg_box01, 32.310076598228875, 5.021194882337518, 7.0350716341131125, 0.465418932122912, 0.33065163158138966, 0.8133477253740599, 0.11189367177359233, 0.7836665092338786, 0.7836665092338786, 0.7836665092338786
rpg_box01, 45.152453364812914, -3.7209648705250054, 0.8687539765739094, 0.720728756049752, -0.6438032203334991, -0.04157308328662053, 0.2536516359837581, 1.8694710104936383, 1.8694710104936383, 1.8694710104936383
rpg_box01, 28.412642295180632, 7.182095007437898, 4.655888042851943, 0.47543423238859406, 0.33227340686471324, 0.8141981849847894, 0.02525845068605284, 0.657732399993008, 0.657732399993008, 0.657732399993008
rpg_box01, 55.34192664054251, -8.883411079852978, 5.647237626877109, 0.734660658315706, 0.45939270180556685, -0.06702400798370733, 0.49471188080004186, 1.528325826221261, 1.528325826221261, 1.528325826221261
rpg_box01, 56.173155557067936, 4.77629871775666, 6.242948715364035, 0.39407191596918084, -0.5289502543753761, 0.7101096229234127, -0.24629916133063162, 2.105326012158521, 2.105326012158521, 2.105326012158521
rpg_box01, 21.345625996729495, -8.894131257036332, 8.618528364912635, -0.02978772860291856, 0.6925462081279425, 0.22017627194793157, 0.6863052164331829, 0.9094799854663832, 0.9094799854663832, 0.9094799854663832
rpg_box01, 55.13288236356238, -3.9656851701079816, 6.788883096879691, 0.6432067624877967, -0.05576563863667211, -0.4804846028052706, 0.593556906037216, 0.21500374405451034, 0.21500374405451034, 0.21500374405451034
rpg_box01, 23.436268099195747, 4.170407346685273, 8.539353898641172, -0.2824751783761941, 0.499897623101653, -0.5260717529801148, -0.6273425306282719, 0.7984856561247758, 0.7984856561247758, 0.7984856561247758
rpg_box01, 5.598456469070079, 1.6967324769975747, 4.319017073811674, 0.6643744089491268, 0.7468253493127333, 0.02305664683740683, 0.01808129956688601, 1.949712146916649, 1.949712146916649, 1.949712146916649
rpg_box01, 11.453606151731426, 5.156137109660694, 6.8217160255766, 0.5395935215039821, 0.43421873295298374, 0.7169746326559231, 0.07899556716386744, 1.1348470733914258, 1.1348470733914258, 1.1348470733914258
rpg_box01, 31.715714903710847, 9.420738071202646, 9.743812149850568, 0.44984321498034846, 0.4724111560758554, 0.7547027902133382, 0.06994626505696877, 2.0464515013614486, 2.0464515013614486, 2.0464515013614486
rpg_box01, 53.994308995148714, -1.7822535701128075, 6.2088330105046925, 0.5179298777238505, 0.4192931959317029, 0.21007179508557172, -0.7154101610376117, 2.92350297567831, 2.92350297567831, 2.92350297567831
rpg_box01, 27.018733624877235, -3.136638781079033, 6.26367603351235, 0.39628362524411365, -0.6603765642971191, -0.39921627799555703, -0.4974821052800692, 0.5734205998100367, 0.5734205998100367, 0.5734205998100367
rpg_box01, 1.5036838771704075, 4.455001505086178, 0.9016138205314639, -0.39259413530472487, -0.5882506096429981, -0.39385382474764313, 0.5871202857257012, 0.9240678033921027, 0.9240678033921027, 0.9240678033921027
rpg_box01, 43.246279051518705, 2.786761495307207, 4.764627326460957, 0.42800275367813884, 0.09068785798173452, 0.4842945380446951, 0.7576596568900118, 1.0825192200445826, 1.0825192200445826, 1.0825192200445826
rpg_box01, 49.246244583421365, 3.1904225032060616, 8.366357126634163, -0.14958334277089824, -0.6354686210333983, -0.5374667944097639, 0.5337920008339276, 1.8336815234775625, 1.8336815234775625, 1.8336815234775625
rpg_box01, 29.043772751223894, -1.452897815659373, 8.40179309644592, 0.07476598486984652, 0.0011334797635128221, 0.4746171654346375, -0.8770104383671027, 1.3102760831033011, 1.3102760831033011, 1.3102760831033011
rpg_box01, 8.780267762340353, -8.921363033663031, 1.6532472138674603, -0.46535509476801423, 0.4526818742102221, 0.6859531315376987, 0.3286214507128189, 2.2260632300728562, 2.2260632300728562, 2.2260632300728562
rpg_box01, 6.977131056185948, 4.514308689106768, 4.299006661928825, 0.9099118328814775, 0.38849542289226946, 0.14403243672917804, 0.019657567089606573, 1.2729979677561718, 1.2729979677561718, 1.2729979677561718
rpg_box01, 9.505815948469616, 2.7246626295926504, 8.30094201112935, 0.6367708655684833, 0.15969604533817522, 0.7004177860995585, -0.28006242658004854, 0.7910271951378969, 0.7910271951378969, 0.7910271951378969
rpg_box01, 52.989526640780156, -1.228929518067181, 8.346800973028255, 0.19714707340653057, 0.665323572986516, -0.19025776705508585, 0.694463502821357, 1.9406406011601969, 1.9406406011601969, 1.9406406011601969
rpg_box01, 18.321760678193403, 7.087557099494838, 7.609049838277027, 0.665674350087568, -0.2994514016817032, -0.6419413997429375, 0.23477171244090544, 2.058642977221462, 2.058642977221462, 2.058642977221462
rpg_box01, 53.17676690363795, -0.9163586957024723, 1.4211769130080298, 0.559435792185526, -0.5756966884696753, 0.36246172792829934, 0.473525514723372, 1.9351519663296333, 1.9351519663296333, 1.9351519663296333
rpg_box01, 59.88191029851461, 9.954817373420578, 7.832983286718674, -0.3564266861046499, 0.4860518488435312, -0.7011656917598089, -0.38089406712002083, 1.164582348330503, 1.164582348330503, 1.164582348330503
rpg_box01, 51.842522608284845, 2.571912893314485, 0.43723362250191133, 0.25286787401254335, -0.44248821571112007, -0.19428991100463688, -0.8381607529173483, 0.902826522614174, 0.902826522614174, 0.902826522614174
rpg_box01, 16.25034964711373, 6.343862763203948, 0.1160408940775648, 0.10822096413396994, -0.7563286213518593, -0.0540428988267589, -0.642911039361054, 1.6473323017872263, 1.6473323017872263, 1.6473323017872263
rpg_box01, 42.03001460939164, -3.01238437519528, 7.142779935901233, 0.6973327911460846, 0.2703832436938737, -0.47955697893280863, 0.45896076507565237, 0.18133993751323668, 0.18133993751323668, 0.18133993751323668
rpg_box01, 14.513425401281541, 2.461489836457309, 3.6088233806414474, -0.3762468852345222, -0.4625225244037379, -0.7069034938487879, 0.3805241728916716, 1.7893649868575336, 1.7893649868575336, 1.7893649868575336
rpg_box01, 1.8975121591640765, -5.9939336377132735, 3.5743670214138437, 0.33616192354688945, -0.8854052423032793, 0.14136107604435116, -0.28821825798986, 0.49723434129441024, 0.49723434129441024, 0.49723434129441024
rpg_box01, 28.276773627883706, 4.165232849234124, 0.57916748795107, 0.06773591763168285, 0.4569465426300085, -0.8610261797216016, -0.21271017952862556, 0.27897774235390116, 0.27897774235390116, 0.27897774235390116
rpg_box01, 14.143991538229677, -4.829350687252905, 2.8440093183523674, 0.0681870847075722, -0.5816130437902249, 0.04881031858032078, -0.8091318443691609, 1.349925077589117, 1.349925077589117, 1.349925077589117
rpg_box01, 2.774402607824027, -6.4283872263938395, 1.5584709473040403, 0.8904482364878477, 0.2111203353292141, -0.06287961704283841, 0.39821639331738756, 0.6569768871800434, 0.6569768871800434, 0.6569768871800434
rpg_box01, 9.127227549506024, -6.09818748352962, 7.191583158376101, 0.8761610209622301, -0.41669384744416443, 0.21189361245453409, 0.11751255188093532, 2.5397699836171377, 2.5397699836171377, 2.5397699836171377
rpg_box01, 41.35219681795315, -2.1663821184831704, 9.445102341574676, 0.3801896907170528, -0.692814865380756, -0.6064278140318077, 0.08779901906354157, 2.5368810136055555, 2.5368810136055555, 2.5368810136055555
rpg_box01, 8.532769884897679, 1.3941056609833034, 7.250067451605346, 0.740350473698526, -0.03594057281755278, -0.671120410208825, 0.01366917411744814, 1.988977370323064, 1.988977370323064, 1.988977370323064
rpg_box01, 48.67261904217192, -6.437526172475019, 8.170994509255053, 0.3004920629574383, -0.800288478334398, 0.17315633352282586, -0.4891418564238072, 2.4219173030484553, 2.4219173030484553, 2.4219173030484553
rpg_box01, 24.526575391952207, 3.463225366842364, 0.6836633297159989, 0.9530817763780911, -0.1559613979030916, 0.0940711440097019, 0.24178872960665862, 0.3873798697340094, 0.3873798697340094, 0.3873798697340094
rpg_box01, 46.53994794938837, 2.16813728859589, 2.8292538783864662, 0.3001173404054666, -0.7007561297383976, -0.6463347001427167, 0.03349453706853983, 0.45090510489144475, 0.45090510489144475, 0.45090510489144475
rpg_box01, 29.18284492931759, -0.17393842315981445, 8.80568863313597, 0.6156984257599271, 0.28955649001939165, -0.557684708718888, -0.4754579405852074, 2.0097497496337637, 2.0097497496337637, 2.0097497496337637
rpg_box01, 9.293263201827095, 8.438246366343407, 3.5174386695716398, 0.5789219287898318, 0.8066273128237584, -0.07432938871446143, 0.09314998951324534, 1.4743751340102744, 1.4743751340102744, 1.4743751340102744
rpg_box01, 18.887474348847466, 7.719158617055228, 4.240445975219837, 0.1880031901880505, 0.9245561446650572, -0.01953542336539052, 0.3308611537716944, 1.8220672326417249, 1.8220672326417249, 1.8220672326417249
rpg_box01, 9.391370232530045, -3.6028973987576602, 2.470685530095531, 0.7967081717264856, -0.08567145919006208, 0.5444151510283314, 0.24804965937345147, 1.599415619118103, 1.599415619118103, 1.599415619118103
rpg_box01, 24.349153321872294, 9.101634731129693, 9.44910948513446, -0.25087447242964644, -0.6408284265437522, 0.2825374781613459, -0.6682615507799567, 1.7611168769917993, 1.7611168769917993, 1.7611168769917993
rpg_box01, 2.5746942014825214, 0.601748835676057, 6.733816207692281, 0.7145370775298471, -0.05585086958725963, -0.5491941122202192, -0.4297711859863309, 0.278028114736645, 0.278028114736645, 0.278028114736645
rpg_box01, 18.551766710958884, -4.732791149112021, 5.505792352467122, -0.5617742218039119, 0.400049955935437, -0.61440553425834, -0.38324352042192183, 1.9557434260931916, 1.9557434260931916, 1.9557434260931916
rpg_box01, 10.776207900452127, -3.609095230020949, 9.549929718140739, 0.7671508255565611, -0.17878421974350628, -0.5210786107633901, 0.3286227244477895, 0.9052926083757584, 0.9052926083757584, 0.9052926083757584
rpg_box01, 56.727382004661656, -1.8432686589372942, 0.03395993532684827, 0.5689194856465584, 0.10983792705631994, 0.12299835601587149, 0.8056907924563981, 2.7726237387083734, 2.7726237387083734, 2.7726237387083734
rpg_box01, 21.48395221424527, 6.131138755987195, 2.321635780830631, 0.24947095680502585, -0.8585873975375902, -0.44628554469711873, -0.03769794549851754, 1.7794121816302495, 1.7794121816302495, 1.7794121816302495
rpg_box01, 31.535739221481126, -7.97564159146793, 2.8119720715918053, 0.7413441256737576, 0.24555435613645424, 0.6174223827824563, 0.09434800872650828, 1.0890045173226528, 1.0890045173226528, 1.0890045173226528
rpg_box01, 29.209211555710304, -3.659889967277941, 0.7689724327744685, 0.4678569878195188, 0.4978248192069671, -0.12622833901193647, -0.7192681660968213, 1.8350514453476043, 1.8350514453476043, 1.8350514453476043
rpg_box01, 6.4524678501049255, -9.44500676055364, 6.303942273619811, 0.6992579258144284, -0.08869950092586504, 0.7030327546957791, 0.09442297149566256, 2.765889954569355, 2.765889954569355, 2.765889954569355
rpg_box01, 9.351078048097307, 1.0727239270407551, 3.940645035297914, 0.7315672996368991, 0.644771002018685, 0.15279503679532985, -0.16041607708864475, 0.4426746220104931, 0.4426746220104931, 0.4426746220104931
rpg_box01, 17.839758576198335, 3.522339870817895, 5.924588860634855, 0.4459112577098188, -0.6243649518121779, 0.6353757360608099, 0.08734547052599934, 1.7717842268985675, 1.7717842268985675, 1.7717842268985675
rpg_box01, 53.015178041586694, 2.190628667117201, 1.1473208081937913, -0.18525666383835745, -0.4871288992204983, -0.5854360865360951, 0.6210072403998275, 1.4912095518683373, 1.4912095518683373, 1.4912095518683373
rpg_box01, 14.930146254663015, 0.0823255348933909, 0.7980557885436368, -0.22816476097929506, 0.6666654625740188, -0.23165486180691544, -0.6706966735115432, 2.7368949005347942, 2.7368949005347942, 2.7368949005347942
rpg_box01, 19.54913436406858, 2.5513821098201, 7.5138360525611105, 0.5423788997228982, -0.18163943830846965, 0.7663331858576918, -0.29251613945141963, 1.822628147708903, 1.822628147708903, 1.822628147708903
rpg_box01, 13.13604516678451, -6.1740778118884325, 2.456040791994246, 0.694045521407139, -0.12294807348882897, -0.7019094656803756, -0.1025070116058786, 1.6860937773876121, 1.6860937773876121, 1.6860937773876121
rpg_box01, 30.04567022513452, -3.9086184207172554, 7.545939810450664, 0.736052050116791, -0.35970122412402883, 0.5732971206703581, -0.013146114012169696, 1.4068839735629277, 1.4068839735629277, 1.4068839735629277
rpg_box01, 44.9467109030358, -8.184560545603063, 1.9070544150495772, 0.31599635388216324, 0.5047341974198502, -0.4126712356035874, 0.6892692838024389, 0.32146530964935643, 0.32146530964935643, 0.32146530964935643
rpg_box01, 51.811388922000425, -4.067985397712295, 6.033243583085644, 0.6351656472372347, 0.03521894109436341, -0.6616206642884401, -0.3969664007752033, 1.1295808590340228, 1.1295808590340228, 1.1295808590340228
rpg_box01, 57.38546100059678, 3.3691170374191355, 8.221809545714727, 0.7316245594999383, 0.011077302439746917, 0.6243272259120562, -0.2735293627604465, 1.9998898987512153, 1.9998898987512153, 1.9998898987512153
rpg_box01, 26.95968962988482, -5.949954488235109, 0.08237982044110526, 0.35779595455923996, -0.7509105881531816, -0.2932078161466065, -0.47132209798716523, 0.7165053724044945, 0.7165053724044945, 0.7165053724044945
rpg_box01, 48.912327831807886, -0.9754585155795059, 8.046489230183566, 0.47462682609579876, 0.10478990604140023, 0.845259527529456, 0.22200176274692912, 1.7496355734108107, 1.7496355734108107, 1.7496355734108107
rpg_box01, 17.23948938450787, -2.283034067095704, 5.428894712969946, 0.14679675949336335, 0.7923302055202098, -0.24842222115345924, -0.5375406560063448, 2.8588079747887263, 2.8588079747887263, 2.8588079747887263
rpg_box01, 25.618411743428254, -4.524957820636201, 1.9341398566815038, 0.7336534740352152, -0.6130114832190446, 0.14209621642780326, -0.25647254581055967, 0.6728100751054225, 0.6728100751054225, 0.6728100751054225
rpg_box01, 27.50729334317117, 7.703623720754425, 0.09027927646250489, 0.386384880754187, -0.6319550290990066, -0.2961425861015453, -0.6030249860645371, 0.19047904537914384, 0.19047904537914384, 0.19047904537914384
rpg_box01, 53.89742945756236, -2.4482167010001055, 4.861855921548529, -0.02934276115762207, -0.8193376960557505, -0.08954731569026259, 0.5655139436321355, 2.0521291962603883, 2.0521291962603883, 2.0521291962603883
rpg_box01, 28.39610695943786, -0.8713306782641261, 3.373745007430533, 0.648739428631949, 0.5317784794029823, 0.3341674754152982, 0.429745158153888, 0.46536548699294855, 0.46536548699294855, 0.46536548699294855
rpg_box01, 8.460290506115019, -3.1228157800025125, 8.847300776559777, 0.6335472519566918, 0.46013622154286604, -0.6011776814320462, 0.15961808328121158, 0.666736296681673, 0.666736296681673, 0.666736296681673
rpg_box01, 42.80004118582473, 2.0694042401290247, 6.822445511704977, 0.16758306066430936, 0.2237645772230384, -0.762788277422831, -0.5830946540527426, 2.2823039656944992, 2.2823039656944992, 2.2823039656944992
rpg_box01, 39.3407272654869, 6.7942177086941555, 8.707503615801528, 0.48370822830939747, 0.4649831940804423, 0.6868727188315593, 0.27932570095405673, 1.4468826870469684, 1.4468826870469684, 1.4468826870469684
rpg_box01, 44.218560370362155, -9.763571860771252, 1.7667362710307055, 0.706837058934762, 0.4989999897075595, 0.2503463908139227, -0.4344042667777952, 0.1897246941306221, 0.1897246941306221, 0.1897246941306221
rpg_box01, 54.58959462149377, 9.052183687616388, 3.785832030118632, 0.3741942758553114, 0.6613888094955896, -0.29974130282146944, 0.5768003449843057, 1.7160276943875503, 1.7160276943875503, 1.7160276943875503
rpg_box01, 59.23345978980108, 6.378034034681072, 0.6642631514441855, 0.5578133540357391, -0.4430773135516013, -0.4520102703219347, -0.536855168363672, 2.1864439183625497, 2.1864439183625497, 2.1864439183625497
rpg_box01, 29.31398469188981, 9.209570398013412, 5.419416851135676, 0.7986905772348551, -0.2068754978411815, -0.42182749576366524, -0.3759753370195608, 1.9617237465722552, 1.9617237465722552, 1.9617237465722552
rpg_box01, 47.073600754138255, -0.7614282827314707, 5.173198376346844, 0.3845886366689087, -0.9199673253477031, -0.07329444594338544, 0.01948396857920797, 2.838604803990978, 2.838604803990978, 2.838604803990978
rpg_box01, 33.31956091421789, 7.373941450464848, 3.5593017257744353, 0.07324322548299447, -0.8454040958185399, -0.16525745535688763, 0.5026105034149709, 0.6828860928273004, 0.6828860928273004, 0.6828860928273004
rpg_box01, 32.209561535531016, 2.416196788715057, 9.939300182081425, 0.7214441940987325, 0.4036126899321975, -0.4073914106511728, -0.38813310842360993, 1.3360095204953135, 1.3360095204953135, 1.3360095204953135
rpg_box01, 12.443227967950552, -8.223194974364102, 2.838310210410829, 0.6153013769480964, 0.26012010529839824, -0.6732090175799513, 0.31706681471633646, 1.8547534904882144, 1.8547534904882144, 1.8547534904882144
rpg_box01, 57.34247421167832, -7.704221852801007, 5.329493536279423, 0.30739417794321133, -0.1093835089099254, 0.9165752180677548, -0.23115781831730825, 0.5782836177438812, 0.5782836177438812, 0.5782836177438812
rpg_box01, 45.574494427647785, 5.2854742401990045, 1.5142317237553593, 0.7284193364635145, 0.15468573110208092, 0.553037621142806, -0.3736669432264168, 2.9194103502410846, 2.9194103502410846, 2.9194103502410846
rpg_box01, 52.10994268443641, 7.916127704299139, 1.6354330336919676, 0.44480519323276274, 0.3535595336850386, 0.2023342095030141, -0.7976245130876891, 1.6706612079936858, 1.6706612079936858, 1.6706612079936858
rpg_box01, 8.962925716494732, 4.993419380575617, 9.558966935770467, 0.4647194449936103, -0.4720401617680174, 0.6824885393079153, -0.30890664744579854, 1.4772720059399922, 1.4772720059399922, 1.4772720059399922
rpg_box01, 53.24371518880672, -3.517446981911334, 4.463962302893573, -0.3820047480409186, 0.6031068412652192, -0.5580216713776908, -0.42302047795128367, 0.4693493057942404, 0.4693493057942404, 0.4693493057942404
rpg_box01, 2.356468975961219, -5.821577843881758, 6.113858466465793, 0.38240644926838946, -0.6568621807132751, 0.28519578086666464, -0.5839184443759218, 0.20611319799429612, 0.20611319799429612, 0.20611319799429612
rpg_box01, 3.071965644601382, -3.847349973169343, 7.4291359291354215, 0.673636178218412, -0.01689915918634416, -0.7354977706434569, 0.07051061758764349, 1.03838494947334, 1.03838494947334, 1.03838494947334
rpg_box01, 59.17590998527706, -9.124579940650046, 1.687638219592027, 0.7721960373445503, 0.24618078605032073, 0.5820835117292237, -0.06547584181967145, 0.12449313591366867, 0.12449313591366867, 0.12449313591366867
rpg_box01, 21.06832766842581, -9.308193286488935, 2.6506048183574613, 0.6658479763935985, -0.7067191055906058, 0.1340481930818146, 0.198054689561405, 0.505195368501063, 0.505195368501063, 0.505195368501063
rpg_box01, 1000.0, 1000.0, 1000.0, -0.17249084036931575, -0.4948597603882331, -0.7109923498490125, 0.4688822943909988, 0.613653555008632, 0.613653555008632, 0.613653555008632
rpg_box01, 51.47514764757798, 8.891703900671445, 5.083907675581216, 0.40620248254259206, 0.12904884858570775, 0.8784026261668717, 0.2162284999672367, 2.295346908205294, 2.295346908205294, 2.295346908205294
rpg_box01, 42.89446967280909, -5.195529718055858, 1.5766268636079872, 0.12740669386192197, 0.6362609963903746, -0.6068606157300958, -0.45897676619540473, 1.7059979253556812, 1.7059979253556812, 1.7059979253556812
rpg_box01, 22.015965970074824, -5.723407091692849, 8.439448907820145, 0.40946798105369353, 0.5982364488475038, 0.007441785632032627, 0.6887624725467749, 1.1533866013360554, 1.1533866013360554, 1.1533866013360554
rpg_box01, 42.829974154338345, 6.397304010807229, 4.5034934911215245, 0.8369592485815919, 0.0843374250420979, -0.2599691937351821, -0.47413334965986603, 2.2254004271355137, 2.2254004271355137, 2.2254004271355137
rpg_box01, 36.956862602978504, -8.196866211497397, 0.27485160647542695, 0.8488289998996518, -0.2069775570078886, -0.26141739916923723, -0.4102567040719684, 2.529952197585138, 2.529952197585138, 2.529952197585138
rpg_box01, 23.764848747814064, -3.5180626305973544, 8.95632769229768, 0.03337421160828136, 0.7012701233112415, 0.011823036334416615, 0.7120158649653792, 1.34022558226279, 1.34022558226279, 1.34022558226279
rpg_box01, 18.837359967091693, -6.8734157132081, 3.6751722222928365, -0.410084646198092, -0.2571577411809394, -0.8663152022011908, 0.12328199194696908, 0.10122064443098228, 0.10122064443098228, 0.10122064443098228
rpg_box01, 26.51059544322186, -9.461290888588339, 8.29189971842322, 0.5628426707583305, -0.6377452917773836, -0.1744820750785634, -0.4960293098857045, 1.67864807492272, 1.67864807492272, 1.67864807492272
rpg_box01, 29.96500920324712, -1.8984397557476118, 9.43417566993303, 0.6476932205476926, -0.3452793691694064, 0.6220135630013583, 0.27271739351366986, 2.57933120352796, 2.57933120352796, 2.57933120352796
rpg_box01, 3.0041727740088553, 0.8576336867675103, 7.508606319154792, 0.10935569544773563, -0.7988582416662109, 0.2511087628574099, -0.535547599015562, 0.7390486542195179, 0.7390486542195179, 0.7390486542195179
rpg_box01, 12.734821741966982, -2.1002544693729046, 3.815536779932156, 0.8034933879787513, -0.060145609051673515, -0.49485505287163056, 0.325421815239309, 1.0733222718099416, 1.0733222718099416, 1.0733222718099416
rpg_box01, 5.6203443398695985, 4.723316271836389, 3.4522276863076296, 0.6772173334750534, 0.22829721916199092, -0.6220281881549752, -0.31990310424326796, 2.3444055889331623, 2.3444055889331623, 2.3444055889331623
rpg_box01, 46.00112924091538, -8.819521934278958, 1.98246156927684, 0.8129201337369873, 0.21566350082242972, -0.5391448849960763, -0.04441737903816431, 0.9166649952557259, 0.9166649952557259, 0.9166649952557259
rpg_box01, 22.85165707789331, 8.328942838766089, 6.00792784228084, 0.28619928637986813, -0.8045840778689167, 0.2695726569477502, 0.4450449558658203, 1.9591692943888281, 1.9591692943888281, 1.9591692943888281
rpg_box01, 31.377960625007187, -5.060535944503433, 2.3720168170923737, 0.5227528785725255, 0.4150420357211969, 0.2115181529847492, 0.713953505129335, 0.2490509136702323, 0.2490509136702323, 0.2490509136702323
rpg_box01, 41.0207030274803, 5.485409575445333, 0.6032519465442099, 0.6533927052819098, 0.009417082749231448, -0.756957714298502, 0.002076054158435217, 0.2388121755210094, 0.2388121755210094, 0.2388121755210094
rpg_box01, 33.990922365882334, 7.621563239499352, 1.1984354569309097, 0.800241975191769, -0.5039290082207016, 0.19612011526346365, -0.25923972728716116, 2.0592055411518357, 2.0592055411518357, 2.0592055411518357
rpg_box01, 30.12238293480753, 2.5232494666095064, 9.27022469873802, 0.04376018646894485, 0.2906976467604689, 0.3424298987445048, 0.8923685834306121, 0.3863603726189112, 0.3863603726189112, 0.3863603726189112
rpg_box01, 26.306193857632575, 0.034612401601608056, 4.598721807082182, -0.12288946657837733, -0.7388461713473653, 0.17900255272597526, -0.6379362038691689, 1.8633171194335414, 1.8633171194335414, 1.8633171194335414
rpg_box01, 5.158774197345604, -5.452030743136844, 0.48508898664698985, 0.24597495092008403, 0.6815836858790758, -0.06687207543348761, 0.6859067926406428, 1.5582852048527325, 1.5582852048527325, 1.5582852048527325
rpg_box01, 27.592707690681962, 6.757403309460788, 7.042010239174376, 0.018898267389328233, -0.6284092656690095, -0.563037809812897, 0.5364075642942724, 0.7019661126927236, 0.7019661126927236, 0.7019661126927236
rpg_box01, 38.22473548616672, 8.513591914120578, 1.9034053174822774, 0.14397584501477304, -0.14664634233859936, 0.8073510299573314, -0.5531275809050099, 1.6798793149028501, 1.6798793149028501, 1.6798793149028501
rpg_box01, 35.30743872383873, 5.5489856907038835, 7.53016381051316, 0.17241007084988294, 0.05791283499263166, -0.7174783685036038, 0.6724177732199391, 2.961252739009435, 2.961252739009435, 2.961252739009435
rpg_box01, 1.2278357664959816, 5.386984135210053, 9.034078341795986, 0.8982370865547475, -0.1255215291961091, -0.21343315485518322, -0.3631263835835569, 2.83888476212442, 2.83888476212442, 2.83888476212442
rpg_box01, 57.13970650322183, 3.4819354174697548, 8.931605469928135, 0.5866931107045275, -0.5551882428032168, 0.2956493338318785, 0.5100477235609311, 1.6385093311970311, 1.6385093311970311, 1.6385093311970311
rpg_box01, 22.79074293213006, -0.23381997379701502, 8.01837389500943, 0.8652927926749869, -0.17059622596318708, -0.4708991303789068, -0.02047729572547019, 2.80849768706186, 2.80849768706186, 2.80849768706186
rpg_box01, 58.207932758962215, -1.7353964610100903, 6.112392993504574, 0.37310824248357294, -0.512275253500049, -0.15573003253204312, -0.7577020925204369, 2.553229997906087, 2.553229997906087, 2.553229997906087
rpg_box01, 50.04100257474145, -7.486630672296817, 8.32023268802573, 0.2968361123945039, -0.007621509124060746, 0.2901126726679244, -0.909760887340549, 2.798685558548232, 2.798685558548232, 2.798685558548232
rpg_box01, 48.74036701247365, -7.92886018270681, 2.9704353461147512, 0.6158486445546332, 0.27656029892460615, 0.09305859820795498, 0.7318366930938376, 0.710781004864391, 0.710781004864391, 0.710781004864391
rpg_box01, 43.707387710867074, -8.780773222261935, 9.039121146188915, 0.5842217117693994, -0.05414588351212141, -0.2607268129827252, -0.7666646879749944, 2.951807200946033, 2.951807200946033, 2.951807200946033
rpg_box01, 6.086787477040858, -1.290044293882307, 5.684364184052666, -0.05410031456977592, 0.8505384089189724, -0.4000095549531384, -0.33712004814787644, 0.334838043056803, 0.334838043056803, 0.334838043056803
rpg_box01, 21.28105309371515, 1.2949540066952725, 0.03972540081302989, 0.1889857167684461, -0.7090915083284117, 0.14932214076593298, 0.6627039534748028, 0.9167362376966587, 0.9167362376966587, 0.9167362376966587
rpg_box01, 47.493918713272016, 3.8211909468871674, 1.860350412234989, 0.38282573828052646, -0.23576114563463685, 0.8916764624954696, 0.0526708890240032, 2.008859223877613, 2.008859223877613, 2.008859223877613
rpg_box01, 5.08820450104661, 1.7956639769939287, 6.488160771694865, 0.3319779615289948, 0.7572173695185483, 0.5005817418911764, -0.25657437136950967, 0.9925493458174218, 0.9925493458174218, 0.9925493458174218
rpg_box01, 3.428998432905641, 3.091857352272447, 9.659482169011296, 0.7339971673669347, 0.24587971155393265, -0.6330765023573033, -0.002338355514987789, 0.4130437731439056, 0.4130437731439056, 0.4130437731439056
rpg_box01, 53.38378788437827, 4.434531585394774, 2.2879807470849567, 0.32676468362956396, -0.48965270271340877, -0.2987567197424501, 0.7511387985363664, 1.3321712900384786, 1.3321712900384786, 1.3321712900384786
rpg_box01, 37.64805651664287, -7.539162425339585, 6.438605207877303, 0.4076330158383165, -0.17406943789599094, 0.734583120758629, 0.5137341665546938, 0.6997802184230895, 0.6997802184230895, 0.6997802184230895
rpg_box01, 54.22031153562413, -6.02014402465046, 8.634452562192038, 0.7742882343178954, -0.4902639983037891, -0.2317649847835555, -0.3261961587639203, 0.8264034743495732, 0.8264034743495732, 0.8264034743495732
rpg_box01, 19.655019251227024, -3.1209875013208954, 0.48437851633994833, 0.7126260763770368, 0.22138433342297711, -0.2594969084208181, 0.6130370353431932, 1.354965816695451, 1.354965816695451, 1.354965816695451
rpg_box01, 41.176687695273415, 2.0604955847921307, 9.762712993225943, 0.250818117551416, -0.1509108401906003, -0.6162368124310333, 0.7311418338638342, 0.48296936069966434, 0.48296936069966434, 0.48296936069966434
rpg_box01, 56.535456524634036, 9.43553902756667, 0.2982951567269354, 0.25813926991708874, 0.2759962683088708, -0.6781706866976678, -0.6302973083476272, 1.0314146102441177, 1.0314146102441177, 1.0314146102441177
rpg_box01, 17.184224885974242, -4.119186631835266, 0.5766152135594849, 0.7072798686148136, 0.5221911442172822, -0.47072965103938746, 0.07406208196907796, 2.7887824624524207, 2.7887824624524207, 2.7887824624524207
rpg_box01, 45.91851468906802, -6.611749174073185, 0.7746195078041906, 0.5373846751429096, -0.33713652234085834, 0.6837087212292887, -0.36069247391714776, 2.157597033984914, 2.157597033984914, 2.157597033984914
rpg_box01, 7.091173781958409, 6.963778396091577, 6.657840710082425, 0.15435438573612922, -0.5921059676416811, 0.7873949490832431, -0.07479599484817159, 1.330887901367424, 1.330887901367424, 1.330887901367424
rpg_box01, 13.055586982193258, 9.438261392758555, 0.905754996976259, 0.6793163153355921, -0.3495366622411276, 0.51910422166675, 0.3832548401729117, 2.7996572106453486, 2.7996572106453486, 2.7996572106453486
rpg_box01, 39.78594162519786, 5.343761310876612, 2.617914100267428, 0.5226074609261439, 0.0376054798506987, 0.7969362115214627, -0.3005993087738994, 1.0491882689676395, 1.0491882689676395, 1.0491882689676395
rpg_box01, 56.73590734478496, -4.713636557962824, 2.450287830244573, 0.411359315430295, -0.5533267930944914, 0.6879895243889295, 0.22645835816674945, 2.5866500123756118, 2.5866500123756118, 2.5866500123756118
rpg_box01, 46.986404742933175, 7.314098065783529, 2.9973728909773567, 0.6335715756598185, -0.11886142847091374, -0.7170536329507311, -0.2651284722732491, 2.1993436705425324, 2.1993436705425324, 2.1993436705425324
rpg_box01, 52.85104499410086, -1.445672652120118, 7.773116042391591, 0.5002465637931989, 0.4602998923860001, 0.45916745757901367, -0.5718764118084944, 2.262293867555377, 2.262293867555377, 2.262293867555377
rpg_box01, 59.175979218579975, 7.417608614659898, 7.189314258548798, 0.7845656281715098, 0.18453359915097164, -0.41006165221329943, -0.4269116621273444, 1.0058145701731396, 1.0058145701731396, 1.0058145701731396
rpg_box01, 50.50647637573256, 5.199993954017753, 8.250382263954625, -0.4750195069856877, 0.4630501901014913, 0.5796808066137834, 0.47319251037356946, 1.127032361140664, 1.127032361140664, 1.127032361140664
rpg_box01, 6.402408625854214, -3.6254034121807655, 8.249244003416633, -0.1384775199858161, -0.8079619954250431, 0.5316352970029131, -0.2130382627322732, 1.6437616443326433, 1.6437616443326433, 1.6437616443326433
rpg_box01, 25.44552831439021, 9.361599460395404, 0.633425908017452, -0.03769625323362182, 0.19361344196618074, 0.9223486818833728, 0.33221339017288243, 2.574761028391845, 2.574761028391845, 2.574761028391845
rpg_box01, 43.002019599693085, 2.179615057802639, 5.1860915793311, 0.7267642155519122, 0.15629073361267135, 0.5700558246434717, 0.3498904662463358, 1.2892134452224941, 1.2892134452224941, 1.2892134452224941
rpg_box01, 52.1366614612611, -8.90719283069484, 6.712228514354691, 0.44110984249238555, -0.14085837818882252, 0.4780911775343739, 0.7463309253368463, 2.2795693751344723, 2.2795693751344723, 2.2795693751344723
rpg_box01, 44.263760839131436, -6.651931816112684, 2.560891479282321, -0.030812898790422538, 0.21313947806899242, 0.852901902944651, 0.475584348049851, 2.7196588222113136, 2.7196588222113136, 2.7196588222113136
rpg_box01, 45.10791757222201, -5.412659036811394, 5.9236162404342005, 0.7205520661863096, -0.06808806471142109, -0.4384751369020174, -0.5328304511542585, 2.1973204234103436, 2.1973204234103436, 2.1973204234103436
rpg_box01, 13.399901169116578, 4.439852477048035, 6.355607785219556, 0.5433998875473083, -0.41526229652142127, -0.4210640630251903, -0.5958010088360427, 0.5512894659604237, 0.5512894659604237, 0.5512894659604237
rpg_box01, 8.337295623300173, 9.98937222651088, 1.4206618604834143, 0.5293346054254756, 0.03864827928197009, 0.8393234421507184, -0.11767474437562439, 2.2300551377672257, 2.2300551377672257, 2.2300551377672257
rpg_box01, 58.86600178233921, -2.989673745928245, 6.101486088667103, 0.10354164022294965, 0.6452532718595253, 0.38862825005924717, 0.6495347774756993, 0.5912234515128082, 0.5912234515128082, 0.5912234515128082
rpg_box01, 28.717414803568435, 9.82360479139976, 8.789269538223799, 0.4556437669668306, 0.414909060288853, 0.5872230083093792, 0.5247936430889577, 1.6318140419935439, 1.6318140419935439, 1.6318140419935439
rpg_box01, 45.6636086386198, -4.9201651590143225, 5.615410072001037, 0.03315786138937182, 0.6399909239405791, -0.162052507378922, -0.7503673489391522, 2.158498490553513, 2.158498490553513, 2.158498490553513
rpg_box01, 40.08519305034422, -3.076050498288236, 5.861701830426574, 0.3293398787171331, 0.059476773820395054, 0.36509985499499537, -0.8687346278036435, 1.5874388713972047, 1.5874388713972047, 1.5874388713972047
rpg_box01, 41.845947305450764, 0.15437962639042802, 7.960330556570518, 0.7015982694954492, 0.47281980695984244, 0.2410194290663391, 0.47551123351608027, 0.24447716386334073, 0.24447716386334073, 0.24447716386334073
rpg_box01, 47.26693066348832, -7.469405335170407, 9.766603792204293, -0.033432850215260934, -0.6891805597161682, 0.05499470965090342, -0.721725697579216, 2.2092242225610175, 2.2092242225610175, 2.2092242225610175
rpg_box01, 15.997236671442408, 2.863902570745285, 9.658435760775374, 0.540942636722893, 0.517962512287333, -0.482761506680646, 0.453913237643177, 1.8551043646355865, 1.8551043646355865, 1.8551043646355865
rpg_box01, 0.7370158873613386, 6.324565124839854, 7.896752794111112, 0.8059100589456398, 0.2770094507694071, -0.4396305808774199, 0.2837246789266828, 0.9503278040428254, 0.9503278040428254, 0.9503278040428254
rpg_box01, 38.495613412865545, -5.002600785457949, 2.2737854383432623, 0.6369516194085462, -0.33969834859151515, -0.6446003903080868, -0.2517697426453188, 1.514527005623847, 1.514527005623847, 1.514527005623847
rpg_box01, 17.43020696469793, 7.963150183298442, 8.610051259605267, 0.00845584843124994, 0.4363262749686915, -0.7211105450771123, -0.5380961458492743, 0.20263443239617268, 0.20263443239617268, 0.20263443239617268
rpg_box01, 27.89848525576422, -9.698722008329955, 2.231129553756862, 0.3756223183378731, 0.8622661456138528, 0.061380924101600245, 0.33412175961937146, 2.816791559572686, 2.816791559572686, 2.816791559572686
rpg_box01, 9.588150917826525, -8.011432630541886, 1.1304081377542696, 0.7006653203842719, 0.18268296365758674, -0.6507903796153055, 0.2284007999115873, 2.613068824722174, 2.613068824722174, 2.613068824722174
rpg_box01, 45.94391468171186, -2.386221158182682, 2.9873434350701467, 0.4450249501583043, -0.08506196907758665, -0.5768835221139995, -0.6796489219196843, 2.696632167827412, 2.696632167827412, 2.696632167827412
rpg_box01, 27.568797428855536, -6.646428046731705, 9.399390783693955, 0.028687276662151373, 0.7288269085347439, 0.1800866967715126, 0.65996754404995, 1.8658048509056633, 1.8658048509056633, 1.8658048509056633
rpg_box01, 11.074058808909609, 5.196699149818205, 7.075315938744118, 0.6734776547369545, 0.6335822993729148, -0.32460669415126686, 0.19907740354828735, 2.693376526061815, 2.693376526061815, 2.693376526061815
rpg_box01, 29.541212357651002, 4.066196064677548, 5.527253864269126, 0.15594773985680196, 0.4426440421815382, 0.15937698599214278, 0.8685306734311715, 2.7251661730024, 2.7251661730024, 2.7251661730024
rpg_box01, 29.1751080687655, -0.7087220487114756, 8.82553840527708, 0.6669378214026036, 0.3866146460470046, -0.5896579565272111, 0.24088701116675407, 2.9535797834899613, 2.9535797834899613, 2.9535797834899613
rpg_box01, 17.645371955267255, -7.900759067205478, 7.172318509849078, -0.3320362911654965, 0.5734133388455609, -0.43529783623449625, -0.609479153009037, 1.0841385354146809, 1.0841385354146809, 1.0841385354146809
rpg_box01, 5.768585315455674, -9.459419185787596, 9.35074573732583, 0.14473772164893578, 0.38048593795232794, 0.19876955855593798, 0.8914999189814266, 2.2893602373237076, 2.2893602373237076, 2.2893602373237076
rpg_box01, 28.42101166177859, -3.039568070721117, 8.93034076731433, 0.32401620705667006, 0.6802502981752664, -0.42193717984832096, 0.5042242017780542, 1.1884718851246996, 1.1884718851246996, 1.1884718851246996
rpg_box01, 54.67365124604625, -0.5071548463354993, 8.09034652889247, 0.3334765151606387, 0.16813188167695456, 0.7519284739128244, -0.5432574475506192, 1.734251045768297, 1.734251045768297, 1.734251045768297
rpg_box01, 39.42325520436323, -1.6634790927604843, 7.2994033570969306, 0.19792484016624426, 0.47808413397154326, -0.27070490510331546, 0.8117759375855207, 1.821736631921321, 1.821736631921321, 1.821736631921321
rpg_box01, 48.64145625920097, 3.7021656742412965, 3.8018465164550728, 0.8564595039159949, -0.16589302232006367, 0.25617778165237304, -0.41632867723128564, 1.4763734397880162, 1.4763734397880162, 1.4763734397880162
rpg_box01, 36.24787954725749, 0.13783389451832662, 3.4741839975442055, 0.23484582672842655, -0.6699332862924847, -0.11770027147417222, -0.6943943229034204, 2.913686810665791, 2.913686810665791, 2.913686810665791
rpg_box01, 20.557862772876984, 9.290035910173714, 2.104070123996692, 0.7323842824491409, -0.20685745592541674, -0.2685050051264283, -0.5905322327964647, 0.2287732717525563, 0.2287732717525563, 0.2287732717525563
rpg_box01, 37.11818329548505, 7.3841363262028175, 9.029024645057834, -0.3612012941938144, 0.39535798221167917, 0.7866347964962328, 0.30729690515127783, 1.9537104213761414, 1.9537104213761414, 1.9537104213761414
rpg_box01, 36.52221816573492, -2.650309395136108, 8.995676320999351, 0.6347626765361059, 0.2144146516655184, -0.7403311629966354, 0.054885979301845134, 1.5171908046391183, 1.5171908046391183, 1.5171908046391183
rpg_box01, 48.446394059095056, -9.219841697462574, 3.122453179100461, 0.3925892297095096, 0.7411350744514185, -0.09879596179677133, -0.5355668548992136, 2.551393040635584, 2.551393040635584, 2.551393040635584
rpg_box01, 9.19326957080077, -2.5817911528532456, 0.18982924506558918, 0.6071701974243265, -0.024113517293677486, 0.7938059968953228, -0.02519779626186444, 1.8763049805289453, 1.8763049805289453, 1.8763049805289453
rpg_box01, 59.563390919037694, 3.939134358958354, 8.887395106277339, 0.2576491618465348, 0.7824451399294988, -0.5401651142682825, 0.17209927869697317, 1.7949117975508986, 1.7949117975508986, 1.7949117975508986
rpg_box01, 4.964263816095196, -8.064872279428945, 1.7526833267852482, 0.6710608445851656, 0.007449101690583063, -0.2183656241535636, 0.708476046127653, 2.2905046854495046, 2.2905046854495046, 2.2905046854495046
rpg_box01, 41.09199526272187, -8.996323071040395, 9.688140172494514, 0.6791261385565048, -0.04527508878204678, 0.7277236172896135, -0.08459427347065906, 2.2959290907897514, 2.2959290907897514, 2.2959290907897514
rpg_box01, 17.87061685147477, -1.6428037156607118, 5.905766954310067, 0.7661461649874047, 0.0824292763589998, 0.6031834096637823, -0.2059010504596756, 2.189016808649735, 2.189016808649735, 2.189016808649735
rpg_box01, 37.24012557057301, -5.7163597407876665, 5.653589528184648, 0.06908774243940527, -0.021391491593332475, 0.4590990914546729, 0.885436227041526, 2.876059237136827, 2.876059237136827, 2.876059237136827
rpg_box01, 37.78546128693281, 0.672598849059959, 9.95922154056815, 0.035981681100641004, 0.9559173295860733, -0.28135324161002856, -0.07594557957992697, 2.558624647317376, 2.558624647317376, 2.558624647317376
rpg_box01, 52.093544841919176, -1.6551479086922516, 7.634560505019944, -0.5342426093321836, 0.20103540230283118, -0.7853293504424826, -0.23964017344441027, 0.9308758705178208, 0.9308758705178208, 0.9308758705178208
rpg_box01, 42.374013726669816, 8.635205096217536, 0.5017782403112503, -0.11541538402803003, -0.7884618533405271, -0.28913131503511613, 0.5304811755590844, 1.4867174510224082, 1.4867174510224082, 1.4867174510224082
rpg_box01, 54.54375688237987, -9.437642674809455, 8.990198410329292, 0.547338701052753, -0.47693396696765467, -0.5010558048280432, -0.4710598878385877, 1.1304853763903913, 1.1304853763903913, 1.1304853763903913
rpg_box01, 49.938934250539496, 1.1340843998285912, 8.736425224091686, 0.5801767810117375, 0.2136792476157612, 0.48674451818250475, -0.6171027920310376, 2.7175754592115338, 2.7175754592115338, 2.7175754592115338
rpg_box01, 53.63061334866261, 1.6134429986918501, 0.9073663533734599, 0.8799646488706412, -0.39263145625617624, 0.20240560167737134, -0.1747418916738199, 2.8581088092271183, 2.8581088092271183, 2.8581088092271183
rpg_box01, 36.36538754950806, 0.6159371734413011, 1.7892665065158964, -0.042362523876419284, -0.6692546955365098, -0.532962584772422, 0.515998500294189, 2.860425961267606, 2.860425961267606, 2.860425961267606
rpg_box01, 29.122930219466504, 2.3625730513448477, 4.746596498604024, 0.6914231797403998, -0.10689168309678199, -0.70238696477436, -0.13099887906953217, 1.3392683374390908, 1.3392683374390908, 1.3392683374390908
rpg_box01, 14.549277776400718, -0.19425219627517798, 9.999209984642492, 0.5438330460250962, 0.5453388378758955, 0.6276703448112784, -0.11349496993137692, 1.1189491218239622, 1.1189491218239622, 1.1189491218239622
rpg_box01, 30.00584073790381, 2.6044205786972867, 3.8062107191443117, 0.42789414443250734, -0.6634787644417576, -0.6086039309029672, 0.07939638269258664, 2.5322863589038693, 2.5322863589038693, 2.5322863589038693
rpg_box01, 22.767228119893513, 9.8989749112128, 1.6304833622408, 0.7177967687515275, 0.2950274174359121, -0.5442560120739107, 0.3186095024514576, 0.4058832801837291, 0.4058832801837291, 0.4058832801837291
rpg_box01, 4.120039364328097, -4.305411613038574, 8.196224712043671, 0.5570206450884838, 0.5902473716344733, 0.17662868149478808, 0.5569006644790594, 2.725765358461335, 2.725765358461335, 2.725765358461335
rpg_box01, 41.98535689739616, 5.532895817622451, 9.46865821787373, 0.2674973001420131, -0.6072123191157406, -0.11720193378850682, -0.738919549509317, 2.78359354159581, 2.78359354159581, 2.78359354159581
rpg_box01, 55.4746876197751, 1.2769402015968279, 8.6382629561265, -0.35826563077038703, -0.5846595482087068, -0.3958761938434544, 0.6108199322591784, 1.3072797551522277, 1.3072797551522277, 1.3072797551522277
rpg_box01, 19.375642066850013, -3.3168835283555715, 0.5950228638843325, -0.005490673584750888, 0.6596994161786613, 0.06935183707049705, 0.748302649662599, 0.17055764115620384, 0.17055764115620384, 0.17055764115620384
rpg_box01, 35.8117704777704, 3.1879039990302864, 8.703661090107225, 0.3174442662424828, 0.2595993986715505, 0.18047413734241358, -0.8940169885352586, 1.2790834327395828, 1.2790834327395828, 1.2790834327395828
rpg_box01, 11.941313233094826, -9.267106924702412, 1.197709054583741, -0.0883248874893669, -0.699925586622377, -0.3819595948062998, 0.5970006326434834, 2.1595170712572447, 2.1595170712572447, 2.1595170712572447
rpg_box01, 28.37691562854782, 8.61815942598891, 0.8055883438133848, 0.6365894125013051, 0.3346942250765719, -0.6709145644320336, -0.1805750337798976, 2.9785810065640064, 2.9785810065640064, 2.9785810065640064
rpg_box01, 57.74817288002772, 6.835166184821922, 4.769565649838528, 0.656111841050802, -0.2708626957203242, 0.15509317927135174, -0.6870929761273584, 0.49272479657696, 0.49272479657696, 0.49272479657696
rpg_box01, 28.227148095177263, 2.930227509005327, 9.024248684926034, 0.6840383578068959, -0.06175923435886954, 0.72681472412202, -0.004204618851108621, 0.40993357158582056, 0.40993357158582056, 0.40993357158582056
rpg_box01, 47.95448795427867, 8.354600130237348, 6.203878640567719, -0.06102249293859665, 0.4125818864997226, 0.1912383029105478, 0.8885270698114845, 2.4390662638451617, 2.4390662638451617, 2.4390662638451617
rpg_box01, 22.689118399901176, 6.60437386615693, 8.728110891570985, 0.4046762851601682, -0.7029447667770643, -0.05127171578606837, 0.5826465225589676, 2.4290128278409426, 2.4290128278409426, 2.4290128278409426
rpg_box01, 24.184231106740977, -2.239518899582129, 8.00343519363365, 0.12964909295688115, -0.5059299785564382, -0.4713407095977859, 0.71067848213464, 2.2397162923663827, 2.2397162923663827, 2.2397162923663827
rpg_box01, 22.89207706088595, 2.0927968841177442, 7.469334705524022, 0.6958340189175696, -0.5287668411211051, 0.28164447604839854, -0.3961023036530522, 2.204948315609252, 2.204948315609252, 2.204948315609252
rpg_box01, 26.405207015347273, 5.174385382220592, 1.8337086469585617, 0.6857392334308203, 0.19411031527944034, 0.681111198011187, -0.1678404753913459, 1.9486336675193852, 1.9486336675193852, 1.9486336675193852
rpg_box01, 30.993125177056818, 1.6476130791300285, 0.31399845364343704, 0.7002740272188738, 0.27524112579082033, -0.6075806050896155, 0.2543706307634562, 1.6305101480795678, 1.6305101480795678, 1.6305101480795678
rpg_box01, 14.331032486826349, 3.41584181424642, 3.0122350964377285, -0.17455021405331245, -0.48638416227368775, 0.7981303759932521, -0.3097588939483995, 0.5756377812922724, 0.5756377812922724, 0.5756377812922724
rpg_box01, 31.356538257882097, -9.390096192205625, 5.424889628677954, 0.43953756842774877, -0.5878228731884863, 0.38175309018946646, 0.5617255324692374, 2.6180518313277203, 2.6180518313277203, 2.6180518313277203
rpg_box01, 44.44436507167383, 0.47020826138782823, 6.651917523067226, 0.7221866013939762, -0.2502497454034809, -0.6409276607031356, -0.07094583453676112, 1.0309670342166932, 1.0309670342166932, 1.0309670342166932
rpg_box01, 26.093635295698, -1.486911291579247, 5.140557683770753, 0.6309485745744583, -0.3775925758818152, -0.5025039417248546, -0.45477195541543547, 2.6764373507021553, 2.6764373507021553, 2.6764373507021553
rpg_box01, 3.281696354717467, -3.9122181723115386, 7.1634849097240005, 0.7331786011305805, -0.17382658530135164, 0.6213654850512724, -0.2147984894585479, 2.057862712821027, 2.057862712821027, 2.057862712821027
rpg_box01, 28.798844187325102, 9.291834055616622, 0.49154021134018233, 0.6501029099705574, 0.0524340729479848, -0.7245114786527878, 0.2229349495755422, 1.7973300451002316, 1.7973300451002316, 1.7973300451002316
rpg_box01, 3.7179936949559633, -5.8550047960571945, 2.3426757832315284, 0.45062641416686505, -0.6811707952580215, -0.39405507602573636, -0.4215006282332431, 2.399417309577365, 2.399417309577365, 2.399417309577365
rpg_box01, 1.3477430965694093, -1.083634043856721, 9.115041440371398, 0.41138667373213905, -0.15442234576558792, -0.17684151499020284, 0.8807052982580663, 0.24905126171063835, 0.24905126171063835, 0.24905126171063835
rpg_box01, 1000.0, 1000.0, 1000.0, -0.3063200292738959, 0.6381489783296698, -0.3237633240638075, -0.6277827897558135, 2.875811314584346, 2.875811314584346, 2.875811314584346
rpg_box01, 49.081663443261455, -4.70545802613292, 9.39141652032751, 0.7562843066817654, 0.1544790750744305, -0.6028838405442347, -0.201745725212862, 1.0668947212428344, 1.0668947212428344, 1.0668947212428344
rpg_box01, 15.357708810225647, 4.2059845844132955, 9.094894265956055, 0.859168569869989, 0.07793541893790032, -0.5033798400009567, -0.0486227899563894, 1.4416532560231632, 1.4416532560231632, 1.4416532560231632
rpg_box01, 3.8047837638651028, 0.3565285803816458, 1.416988885037258, 0.6945278486682638, 0.17296074589995433, -0.6205886456411284, -0.3202895263714921, 1.1291975911384182, 1.1291975911384182, 1.1291975911384182
rpg_box01, 25.890405162029186, 8.545871931849621, 4.046512458786498, -0.6581543843759698, 0.1754983608129408, 0.7076329022934755, 0.18785315347465273, 2.459131389902558, 2.459131389902558, 2.459131389902558
rpg_box01, 29.830592352433076, 8.965314860781824, 6.7066931091037, 0.6537128041304727, -0.4353059014896995, 0.4629083780360838, 0.41095519876029857, 0.4505340870676232, 0.4505340870676232, 0.4505340870676232
rpg_box01, 1000.0, 1000.0, 1000.0, 0.4669945700758798, -0.36739431234058273, 0.719695371855378, -0.35913237463278624, 1.0092656971138303, 1.0092656971138303, 1.0092656971138303
rpg_box01, 58.99639914491857, 4.03698905660602, 5.8632697669694, 0.7749086277786923, -0.015518596047575078, -0.4080076016797642, -0.48249931475845986, 2.576091913832002, 2.576091913832002, 2.576091913832002
rpg_box01, 57.9545494028916, 9.305562951794833, 7.475048714287763, 0.8691572363407775, -0.18381930081480874, 0.4524602447206876, 0.07781959979152021, 2.335915911183126, 2.335915911183126, 2.335915911183126
rpg_box01, 20.163905131587214, 1.941114710326886, 5.047413862601333, 0.3353059925948917, 0.7696946555121403, -0.3956076964943177, 0.3723366475119817, 2.7553981446271063, 2.7553981446271063, 2.7553981446271063
rpg_box01, 40.00603356142131, 7.10754778372225, 2.4813919651355953, 0.8610954405917997, 0.3284266380780663, -0.38794501695335964, -0.012216767731713402, 1.3947061174402535, 1.3947061174402535, 1.3947061174402535
rpg_box01, 23.86009377375479, -9.889428332272328, 4.476842700517755, -0.5194561704056325, -0.3516241271985649, 0.6649063294165857, -0.40549393744065393, 0.9905681725012457, 0.9905681725012457, 0.9905681725012457
rpg_box01, 34.66561517716494, 6.179410370657422, 9.395998408838572, -0.21383427822599735, 0.6272797623796353, 0.3540394690271087, 0.659887153637285, 1.349971725591859, 1.349971725591859, 1.349971725591859
rpg_box01, 27.05945225335188, -7.135592304492171, 7.985606453331427, 0.4961437383202985, -0.7193813071578533, 0.47297505423125547, 0.11236780638758756, 2.13651149040411, 2.13651149040411, 2.13651149040411
rpg_box01, 40.708414909253456, -8.973097842966123, 2.420094116839422, -0.31667493084534293, -0.5033510000441387, 0.6140466541426106, -0.5189426417870553, 0.21899760372689267, 0.21899760372689267, 0.21899760372689267
rpg_box01, 4.408739847921835, 3.138857170641119, 3.506049032054576, -0.05335250176780272, 0.36066907576090856, -0.2687015713931743, -0.8915552668655643, 2.860291657904341, 2.860291657904341, 2.860291657904341
rpg_box01, 47.855874946876405, 4.977485108420003, 1.9350030383318895, 0.6064424275342158, 0.6483823291605536, -0.4601188323940453, 0.010890243114064752, 1.4116387766730785, 1.4116387766730785, 1.4116387766730785
rpg_box01, 37.357263627077394, 1.679332565544069, 8.613010267540712, 0.34376835141353823, -0.6789389915960615, 0.6398407744603074, 0.10709318183234356, 2.2132280961503104, 2.2132280961503104, 2.2132280961503104
rpg_box01, 13.699936715912667, -8.441127140695915, 8.63326245042725, 0.35207609542029245, -0.0688654226037635, -0.7427737007253286, -0.5653204455121064, 0.12691063924921026, 0.12691063924921026, 0.12691063924921026
rpg_box01, 12.852457579962744, 4.304602938390934, 9.039330186937253, 0.588695589311244, 0.10912627298696334, -0.37496519958225716, 0.7077641265080479, 0.8083857531668392, 0.8083857531668392, 0.8083857531668392
rpg_box01, 5.252392578963345, -7.136518185497575, 2.2686108369903346, 0.6012591224501764, 0.41475999495782034, 0.5660272109777941, -0.3821973452102099, 0.7167466561168695, 0.7167466561168695, 0.7167466561168695
rpg_box01, 55.33480512078346, 7.434354728376206, 4.710103797811721, 0.26091586680100215, -0.7121406173656784, -0.18303406691260393, -0.6255215279260535, 2.379939097492104, 2.379939097492104, 2.379939097492104
rpg_box01, 40.15399990436757, 6.891297672501139, 2.413962640435309, 0.6160998427053408, -0.4651822683487946, -0.5869538761892515, -0.2439499708111012, 0.5952390471418145, 0.5952390471418145, 0.5952390471418145
rpg_box01, 41.6922632272898, 5.854996728527482, 3.0299348705003784, 0.6016483283980152, -0.2672196448974391, 0.7034283393117132, -0.2679580597219009, 1.1847027204918315, 1.1847027204918315, 1.1847027204918315
rpg_box01, 6.582685639810341, -0.9562558730401349, 8.840472524599926, -0.07713701269627665, 0.8054913020457893, -0.14853761204948934, -0.5684806253580756, 0.6533801392399551, 0.6533801392399551, 0.6533801392399551
rpg_box01, 26.68985032947014, 8.080056806042936, 0.3960441452714636, 0.5522070373084091, 0.6684526430495541, -0.023230065869487365, -0.4976934960262529, 0.5031851276106202, 0.5031851276106202, 0.5031851276106202
rpg_box01, 38.392673535630394, 2.3773002595869457, 7.977983868948932, 0.6779147614075262, -0.5343138047489476, -0.22661171398989038, -0.45120667703730233, 1.11297882957825, 1.11297882957825, 1.11297882957825
rpg_box01, 42.04445834358331, 7.928306557387142, 0.49939455599430027, 0.1075983752581447, -0.3562817989014145, -0.1940761558499932, 0.9076454787767462, 1.2398838599361832, 1.2398838599361832, 1.2398838599361832
rpg_box01, 10.678629850491859, 2.2378987224719893, 6.4053035422431766, 0.24665841739751573, 0.647292629378525, 0.016637346255022556, -0.7210374995718176, 1.4098199925557215, 1.4098199925557215, 1.4098199925557215
rpg_box01, 33.806664303362965, 4.837061380162147, 3.093159364183018, 0.38769933834706977, 0.06246804764692332, 0.8227940445431955, -0.4108490310718475, 0.7526360300139893, 0.7526360300139893, 0.7526360300139893
rpg_box01, 20.95836326151453, -9.350530944993167, 3.6325477243815643, 0.4521471047035128, 0.032037863676078776, -0.5293883347716349, -0.7171363622122497, 0.8347259286808536, 0.8347259286808536, 0.8347259286808536
rpg_box01, 44.046739017184066, -0.16958679884012717, 7.7990210714520884, 0.8698338632352965, 0.288764328562065, -0.30393199444174285, 0.2600568316232502, 1.5668608058959974, 1.5668608058959974, 1.5668608058959974
rpg_box01, 28.73179265555718, 2.5757137040605045, 6.823982773225168, 0.3344005070009697, 0.5701873468324009, -0.2748185225631548, 0.698238834558725, 2.7983330707359295, 2.7983330707359295, 2.7983330707359295
rpg_box01, 27.147683357972756, 2.2803209274026948, 5.188403231754161, -0.12154623221778382, -0.4256561423845069, 0.7237206154527233, -0.5294070576151517, 2.421940761592853, 2.421940761592853, 2.421940761592853
rpg_box01, 54.42004741424913, -4.4890398596108705, 1.3089067439226099, 0.7195854062825331, -0.05550798074187149, 0.6871746858709054, 0.08310630684481327, 0.5051850061885507, 0.5051850061885507, 0.5051850061885507
rpg_box01, 46.139406891353296, -5.9847740025700125, 3.032970787042062, 0.9021251912493373, -0.0691471089410204, 0.37985764565049457, -0.19260577789700067, 2.8065219137604847, 2.8065219137604847, 2.8065219137604847
rpg_box01, 30.128250442259002, -5.6120902339533725, 5.3578137465961175, 0.013049564575837029, 0.027382166878007007, 0.18312230278423308, 0.9826220779243899, 0.9034834561671891, 0.9034834561671891, 0.9034834561671891
rpg_box01, 7.4781416240033804, -9.356614468445327, 8.308427233965736, 0.20858508928568564, -0.8463611179711581, 0.0775667261734509, -0.4838889557584747, 1.7702076715560828, 1.7702076715560828, 1.7702076715560828
rpg_box01, 37.00210086329529, -6.292510867991163, 9.002636304883575, -0.17323003039964208, 0.21382401134974954, -0.7864133140583613, -0.5530142387043813, 0.6970122106780171, 0.6970122106780171, 0.6970122106780171
rpg_box01, 1000.0, 1000.0, 1000.0, 0.3053658381320903, -0.629400227222128, 0.0010314693883766712, -0.7145669982202654, 2.561007917974604, 2.561007917974604, 2.561007917974604
rpg_box01, 35.16852057747915, -2.2486961186119903, 8.151899325820388, 0.7072849934690103, 0.16063609115119337, 0.6688423614367279, -0.16307630048829544, 1.822269884563747, 1.822269884563747, 1.822269884563747
rpg_box01, 18.837039636800206, -3.032596814056115, 5.583582204385075, 0.07525552910577925, -0.31115319202157427, -0.7687539171827052, 0.5536584788929373, 0.97638457329791, 0.97638457329791, 0.97638457329791
rpg_box01, 48.83019936871708, -6.814652344662737, 8.79802010279934, 0.8340969885623687, 0.49196691890523414, 0.0003575596171150469, -0.24950077459839426, 1.8330295211180792, 1.8330295211180792, 1.8330295211180792
rpg_box01, 47.070592702415574, -8.555049525537834, 4.589027218515552, 0.18547700419381452, 0.580889511816294, -0.23617700187026106, -0.7565620131652725, 0.5160744057608369, 0.5160744057608369, 0.5160744057608369
rpg_box01, 0.4087078942338995, -8.441562548309395, 1.9453586894987762, 0.7937909099816898, 0.43386712562477053, 0.12050097823411762, 0.4088212601824432, 0.5130896247660858, 0.5130896247660858, 0.5130896247660858
rpg_box01, 15.088549629062733, 8.4686204994509, 6.317734295798624, 0.3161028943566238, 0.737686378480793, -0.39927560072704277, 0.4432569930044155, 0.1401454367015656, 0.1401454367015656, 0.1401454367015656
rpg_box01, 38.50123490141737, 8.60492548402344, 0.9287601814849278, 0.48440297935119014, -0.17355350793126578, -0.41007007157294223, 0.7530441354134595, 2.2448774068892883, 2.2448774068892883, 2.2448774068892883
rpg_box01, 10.395529738696483, -7.830764482360983, 0.7146193308566151, 0.605699939290378, 0.10501279458913357, -0.4918632934967019, 0.6165795950457572, 1.583832924847691, 1.583832924847691, 1.583832924847691
rpg_box01, 4.428254394665158, 5.681677754992087, 5.9572030506149245, 0.44404281519441124, 0.8873034251758171, -0.10252129916604989, -0.07076717574405941, 0.22458112881131234, 0.22458112881131234, 0.22458112881131234
rpg_box01, 2.8407426054386353, 4.554889479295394, 7.934919036578547, 0.7991425136034064, -0.3545990807571813, -0.44434241534700514, 0.1954240333259475, 2.1598811835107496, 2.1598811835107496, 2.1598811835107496
rpg_box01, 26.972311532165413, 2.2168568789783585, 0.25638188391341243, 0.2996155287684241, 0.12349388728998899, -0.03089759213724423, -0.9455290230992096, 1.8763906248437017, 1.8763906248437017, 1.8763906248437017
rpg_box01, 2.1855880068059386, 5.170624763420422, 2.3681195860364266, 0.8201739259247668, 0.0465181865074297, -0.13393706007728548, 0.5542667710543981, 2.9433500649922903, 2.9433500649922903, 2.9433500649922903
rpg_box01, 58.36765670425767, -8.502895712628408, 8.790036404609943, 0.054978544927077926, -0.042136635151375806, 0.3543404224111439, -0.9325474404132548, 0.21786079588216456, 0.21786079588216456, 0.21786079588216456
rpg_box01, 39.023310142392944, 5.803775588666962, 6.403568333135036, 0.12579114073143732, -0.6519079917023809, 0.031438670663127444, -0.7471306239574091, 2.2230852625899034, 2.2230852625899034, 2.2230852625899034
rpg_box01, 48.32441800103038, 7.557898537824567, 8.63347833876279, 0.8000143331251393, 0.07244399723668452, 0.5940141919270084, -0.04331366814312918, 0.1466256125667913, 0.1466256125667913, 0.1466256125667913
rpg_box01, 47.59182828677805, -1.0484029234283696, 3.7474715903884492, 0.8258025681797659, -0.20138147881731602, -0.41265610955238885, 0.32743022711127495, 2.937631383465917, 2.937631383465917, 2.937631383465917
rpg_box01, 2.548029488125161, 2.097735337469558, 8.72398006799999, 0.219407319858769, 0.7246450862236414, -0.24189192604589754, -0.6068263533484097, 1.6255755917648846, 1.6255755917648846, 1.6255755917648846
rpg_box01, 52.58966423567804, 3.729435250433994, 7.937364841007474, 0.7259522207080801, -0.00697756846954016, -0.1734543692212887, 0.6654759714559981, 1.1365774500994825, 1.1365774500994825, 1.1365774500994825
rpg_box01, 58.230660964489694, -0.23423709951712368, 5.009098647795548, 0.1004428299129705, 0.7501726215233603, -0.0836898562625789, 0.6481884631760982, 0.4825574435881671, 0.4825574435881671, 0.4825574435881671
rpg_box01, 52.3155732315203, 8.22411150317983, 4.966606602999343, 0.36222449348547087, 0.529759299600386, -0.28975312227665917, -0.7100645244884651, 0.632757319633821, 0.632757319633821, 0.632757319633821
rpg_box01, 55.46199024974649, 3.6405478020911826, 2.0852148781858517, 0.22943373034023773, 0.6423397233703189, 0.6531940542223683, 0.3287816459160261, 2.7466603995656818, 2.7466603995656818, 2.7466603995656818
rpg_box01, 1.271158319895973, 7.0583826751853564, 6.207454424200613, 0.22293090520443468, 0.6697990643055715, -0.20550470804022156, 0.6778191793785535, 0.8706256359309069, 0.8706256359309069, 0.8706256359309069
rpg_box01, 41.26864486429414, -1.142858953954791, 2.244558301693357, -0.15667004920125732, -0.7974610385852802, 0.47193244826925007, -0.3417457415862758, 0.7251437398602408, 0.7251437398602408, 0.7251437398602408
rpg_box01, 52.24628935240436, 8.159164720044775, 4.355258835405291, 0.7754245498548756, 0.3051466410152755, 0.2695948141517104, 0.4826188259299078, 0.7587009889300336, 0.7587009889300336, 0.7587009889300336
rpg_box01, 55.784954981604685, 9.22382568862908, 1.5852839789633744, 0.30327647181454925, 0.6659132443257101, 0.29499933998735123, -0.6144577463767164, 1.0186140803770538, 1.0186140803770538, 1.0186140803770538
rpg_box01, 37.71625116758255, 5.970638394113632, 4.714446235816138, -0.127904919806056, -0.70838746653153, -0.22843350825623718, 0.6554736158352937, 2.21766660270661, 2.21766660270661, 2.21766660270661
rpg_box01, 20.674281299082022, -5.55683839269369, 1.821762858489051, 0.24114412307375238, 0.7300739167632794, 0.4855554345167292, 0.4160258501345621, 1.3342201566591907, 1.3342201566591907, 1.3342201566591907
rpg_box01, 1.7124600369732867, -9.430085076398063, 1.4472738912843075, 0.05573522653759194, 0.3930474169492994, -0.08278377448665145, -0.9140865162740505, 0.8826136053978195, 0.8826136053978195, 0.8826136053978195
rpg_box01, 23.886821511381044, 9.700960013838898, 0.7654072589146244, 0.06795225527852737, -0.8568393623549946, -0.3897511365976396, 0.33060981480061385, 1.9035006335613331, 1.9035006335613331, 1.9035006335613331
rpg_box01, 4.486095730409312, -0.5165934482525927, 4.128087922582312, 0.6899848655522413, 0.4661425253744787, -0.2043298260994102, -0.5146662544917278, 0.8248123519334732, 0.8248123519334732, 0.8248123519334732
rpg_box01, 13.32518636571727, -2.4474595105950137, 4.522823170899964, 0.11971396965099716, 0.2697387924376508, 0.3444040224469881, -0.8912325278214506, 1.5656024995634439, 1.5656024995634439, 1.5656024995634439
rpg_box01, 53.64502026967637, 6.347153850801064, 3.053935811350187, -0.01122846917607434, 0.9165078686608261, -0.314370986076393, -0.2470994360092878, 1.0521057887944076, 1.0521057887944076, 1.0521057887944076
rpg_box01, 48.24509463577989, -2.6189034227779455, 3.146916297534662, 0.3584751739521388, -0.6168659967978148, -0.13055372162119938, 0.6884240099135681, 1.0953983560750444, 1.0953983560750444, 1.0953983560750444
rpg_box01, 8.57036707397019, -4.718090930164887, 1.959189372007698, 0.47058516698510144, -0.7078949660580219, 0.4964573637966597, -0.17596705252798583, 1.5535480482111943, 1.5535480482111943, 1.5535480482111943
rpg_box01, 23.204160483192815, -4.964164508188313, 3.9363704527608756, 0.5104474105888417, 0.10056358785073466, -0.7632515002214969, -0.3831155872988834, 1.7448566340813092, 1.7448566340813092, 1.7448566340813092
rpg_box01, 57.91964554934348, -5.820272137708158, 5.639927911192451, 0.10557643184911611, -0.7828346567789238, -0.027662661254210574, -0.6125832958514035, 2.314003841742226, 2.314003841742226, 2.314003841742226
rpg_box01, 21.213255227876335, -0.2231588700404572, 0.8902798756509323, -0.11609297957850037, -0.3265300063520476, -0.8323114668191153, 0.4326178420335094, 2.2380493046422516, 2.2380493046422516, 2.2380493046422516
rpg_box01, 11.202562868376013, 1.9075513959027308, 7.540942654616314, 0.3016999458673225, -0.4833703835278821, -0.8035798604051819, 0.17201634498776952, 1.939967145546786, 1.939967145546786, 1.939967145546786
rpg_box01, 29.559483741755994, 0.6086664430632247, 3.5791586005640363, -0.26797677598391917, 0.6237189944842438, -0.3240471763652991, -0.6589055250508261, 1.2264774560335001, 1.2264774560335001, 1.2264774560335001
rpg_box01, 27.041149166488406, 4.3563357740509545, 8.174437847015419, 0.41313692708218563, -0.20358295829546422, -0.4690631262627486, -0.7535593156171404, 1.6592309196189274, 1.6592309196189274, 1.6592309196189274
rpg_box01, 45.93571988209471, -4.589620779584999, 5.418026405144049, 0.022501133153123597, 0.09501965078674225, 0.2051162312365676, -0.9738543508423103, 0.623922055695289, 0.623922055695289, 0.623922055695289
rpg_box01, 53.79628993312739, -5.997594462098402, 1.0140665714034613, 0.3591789506988766, -0.3872433722818226, 0.29153494107578715, 0.7975214292610532, 2.5653999150931686, 2.5653999150931686, 2.5653999150931686
rpg_box01, 53.0591794526468, 7.368079557375271, 0.7762222039006617, 0.901493863703441, 0.0480626023574529, -0.27945959167070633, -0.3269573926108919, 0.1974844227478984, 0.1974844227478984, 0.1974844227478984
rpg_box01, 58.006755117280235, -5.4824341095095726, 3.1989726774931695, 0.47641804232595003, 0.5024559545625391, 0.6133445614505527, -0.3799635661612651, 2.853724727962768, 2.853724727962768, 2.853724727962768
rpg_box01, 46.509616295582894, 2.044897510947063, 8.848085516639866, -0.2868872743536637, 0.5078010604778871, 0.41120209990690204, 0.7005330883146157, 0.2772313672381598, 0.2772313672381598, 0.2772313672381598
rpg_box01, 54.84660090941412, -9.196345932602119, 3.145797588865266, -0.051209128878588084, -0.7279032101708198, -0.0949566772013816, 0.6771394030754554, 1.6576675422029947, 1.6576675422029947, 1.6576675422029947
rpg_box01, 44.19935414865968, -0.4900684970244473, 3.149516838871139, 0.2546679150786199, -0.7689785876727988, 0.5721988432411296, -0.12808071097464246, 2.178378379823532, 2.178378379823532, 2.178378379823532
rpg_box01, 47.86670409731506, 6.169730697877476, 0.24425860418642253, 0.5971290170689186, 0.5989148241098871, 0.18453735562544557, 0.5006834676864197, 0.8000820012323498, 0.8000820012323498, 0.8000820012323498
rpg_box01, 56.69496445608772, -0.8410558270218544, 6.723794980152711, 0.29608288070715705, -0.8855946345912605, 0.2676162131596314, 0.23756816577441908, 0.1961104206923171, 0.1961104206923171, 0.1961104206923171
rpg_box01, 53.28222849789463, 4.142882733011204, 1.840969264740756, 0.6706171040904385, 0.6523700304440284, -0.3140190291822864, -0.16148712763321244, 2.003495113278, 2.003495113278, 2.003495113278
rpg_box01, 53.98144619701525, 4.438463433902726, 1.462800226898111, 0.6417722539581958, 0.286223384361311, -0.5282866904314405, 0.4765686949508639, 0.22118996046224842, 0.22118996046224842, 0.22118996046224842
rpg_box01, 44.45744677836919, -5.89043325141962, 4.589260706974757, -0.2357705518767716, -0.38705325919143996, -0.6784448053844798, 0.5781995048975933, 0.3619555175912016, 0.3619555175912016, 0.3619555175912016
rpg_box01, 48.32604902786498, -2.779575941342312, 0.6082749288354572, 0.5813597359241862, 0.14641451533238528, 0.5567930228932123, -0.5749479774758599, 2.1297876957000534, 2.1297876957000534, 2.1297876957000534
rpg_box01, 48.1020731770883, -5.4519483769693755, 4.513790606241765, 0.16071428703917628, -0.9641078524594113, 0.08569737762086589, 0.19319142381715088, 2.71442914797431, 2.71442914797431, 2.71442914797431
rpg_box01, 51.64987968875472, 1.5772414038059512, 0.8588069211211247, -0.20000850210516918, 0.6879604946812756, -0.2791544741066876, -0.6393588479326454, 2.2642439934718874, 2.2642439934718874, 2.2642439934718874
rpg_box01, 44.26922305857721, 1.9784856221791713, 2.0273846226807257, 0.5682946808999624, 0.4898251500330201, -0.6087798127534609, 0.25787519779885837, 1.076343690571017, 1.076343690571017, 1.076343690571017
rpg_box01, 59.00832171000086, 4.846754332513449, 3.5721426474843474, -0.07467333913712121, 0.6493613825122986, 0.6685000471454385, 0.35476946640089424, 1.7799175830507292, 1.7799175830507292, 1.7799175830507292
rpg_box01, 44.47600297626437, 6.314334436820307, 0.9210885065585483, -0.07182702854779557, -0.39141895571792623, -0.790097552557542, 0.46623806849855653, 2.8250666856220294, 2.8250666856220294, 2.8250666856220294
rpg_box01, 56.985237189683495, 2.257956750731891, 3.58692799904077, 0.297459584876245, 0.1011296244208904, -0.9493533388618607, -0.004339633806972158, 2.193709525506079, 2.193709525506079, 2.193709525506079
rpg_box01, 47.466063754654954, -8.624347233592013, 0.9585951147800231, 0.46652219079485513, -0.8337614065320199, -0.09063469263860963, 0.28104148263916723, 1.4510010835651226, 1.4510010835651226, 1.4510010835651226
rpg_box01, 51.29078936141877, -1.3528677404394163, 9.890993699696464, 0.2519897538218557, -0.31356481679977316, 0.8285787081088927, -0.38940415265213035, 0.17660109981899974, 0.17660109981899974, 0.17660109981899974
rpg_box01, 58.22562913500637, 5.069697446119443, 9.09912293265388, 0.3964244902768872, 0.3940297790732337, -0.48628831717239274, 0.6716485906289471, 2.3528467791361605, 2.3528467791361605, 2.3528467791361605
rpg_box01, 52.49276068164893, -1.7378344357014086, 9.242513456128044, 0.3307214398912067, 0.7801655140069998, 0.40921519664773937, -0.33839034085362557, 2.969594235322234, 2.969594235322234, 2.969594235322234
rpg_box01, 43.90856970405066, -6.605690473133876, 2.8782405075180773, 0.30097122158803663, -0.5380350995589449, 0.3742667713790009, 0.6927185137268528, 0.18941355823586825, 0.18941355823586825, 0.18941355823586825
rpg_box01, 47.363175677585495, -4.661855376355712, 7.978195291551047, -0.20828956018572364, -0.40825553999938824, 0.48501799787621397, -0.7447821258016297, 0.10492506005911663, 0.10492506005911663, 0.10492506005911663
rpg_box01, 49.67298043787282, 5.996006981248552, 7.514053779862771, 0.7069043489770707, 0.009292472424758225, 0.6921377288506236, 0.14541408341367684, 1.676392137797413, 1.676392137797413, 1.676392137797413
rpg_box01, 57.23548799031325, -7.911256841680105, 5.263269933561816, 0.3472542524697062, 0.33034119187990585, -0.8285706750690748, -0.2894128841372589, 2.3132082656873325, 2.3132082656873325, 2.3132082656873325
rpg_box01, 59.29552454086803, -5.989212899167913, 4.044087808844566, 0.03914878921621876, -0.9665266890748107, 0.09568891201370279, -0.23481303994161432, 1.8663125995650143, 1.8663125995650143, 1.8663125995650143
rpg_box01, 49.86346782550493, -9.250957033291453, 4.328584681511321, 0.8309012996905225, 0.5351188124552647, -0.14912788523569176, 0.03180818407576984, 0.21310262289488302, 0.21310262289488302, 0.21310262289488302
rpg_box01, 52.917502692133766, -7.028347972344862, 0.32273161747904844, 0.35189282950282563, 0.6396833429837145, -0.6824758924885176, 0.0346888083634487, 1.2833361389617566, 1.2833361389617566, 1.2833361389617566
rpg_box01, 50.82219308626304, -4.643334811482043, 6.412627734052585, -0.42965732325149075, 0.5151525364339145, 0.5437682155404342, 0.5043100004461941, 0.6096312076667307, 0.6096312076667307, 0.6096312076667307
rpg_box01, 50.80224018650502, 2.877137474786819, 6.869970366473487, 0.35230333855869983, 0.7646653906284584, 0.11445717263269523, 0.5273222483912001, 1.492157451380607, 1.492157451380607, 1.492157451380607
rpg_box01, 43.383948345199435, 7.329342025662545, 8.975973855800632, 0.3119746632293449, 0.737771567826986, -0.3906251702404447, -0.45362638766243685, 0.6263840448139105, 0.6263840448139105, 0.6263840448139105
rpg_box01, 54.75472032294872, -2.053727742761355, 6.920355014748292, 0.5717104685145238, 0.7500666974645902, 0.2805744887409683, 0.17839575615246778, 2.3521826451880377, 2.3521826451880377, 2.3521826451880377
rpg_box01, 44.50782588223231, 6.742836429527209, 7.878265890878878, 0.7816378450076281, 0.3206762702002538, 0.4897427862324125, 0.2153160753766385, 0.8451992989424499, 0.8451992989424499, 0.8451992989424499
rpg_box01, 42.9416211189769, -9.087119748694958, 2.3162407457027037, 0.27046493209644995, -0.9017506634257214, -0.3060055168935088, -0.1416159777287528, 0.36208834812991264, 0.36208834812991264, 0.36208834812991264
rpg_box01, 51.801395124997676, -3.816373786974589, 3.4051394951808978, 0.6637467100421431, -0.30767070702693, 0.05661656173227808, -0.679392085531908, 0.2126303731537854, 0.2126303731537854, 0.2126303731537854
rpg_box01, 44.13695168699175, 4.579966222842565, 8.003340878529633, 0.6444132792486239, 0.321652128287521, 0.6289061316824419, -0.2928284675853262, 0.984938526160092, 0.984938526160092, 0.984938526160092
rpg_box01, 48.087023064240555, -7.153639752270189, 5.383289485445975, 0.25224311201018124, -0.518274937241076, -0.1901716537978124, 0.7947321837971475, 2.753773564440441, 2.753773564440441, 2.753773564440441
rpg_box01, 55.34455922696213, 5.438531414798236, 4.421118179441084, 0.10751135635620818, -0.8792028699544548, 0.025410645986006453, -0.4634629659302587, 2.403287675542618, 2.403287675542618, 2.403287675542618
rpg_box01, 49.81596123549725, 8.342359680610947, 4.019164547832612, 0.6674723642744218, -0.061969412088304476, -0.7081678366819841, -0.2216726189327454, 2.8515434910093593, 2.8515434910093593, 2.8515434910093593
rpg_box01, 49.62968308864382, -6.319248594758273, 6.224199199998335, 0.5718031250889601, 0.7474104393355956, 0.2557061576541501, 0.22143437458629153, 2.8714288901455536, 2.8714288901455536, 2.8714288901455536
rpg_box01, 46.8301668442523, -8.566504826004188, 2.317900730909618, 0.4956564613892049, -0.844611600935718, 0.12623313586132281, -0.1581806285818582, 1.1617473293593779, 1.1617473293593779, 1.1617473293593779
rpg_box01, 48.805397319429254, 3.735682796099404, 1.409785378709063, -0.06370658002546631, 0.735450231919912, 0.47612060794269284, 0.477874036460119, 2.6942133218964344, 2.6942133218964344, 2.6942133218964344
rpg_box01, 44.02669206556147, 2.222985636393153, 7.425253413617863, -0.3401800507190044, -0.5993001878988777, 0.39801771393102925, -0.6055565351594374, 1.5110463341406475, 1.5110463341406475, 1.5110463341406475
rpg_box01, 59.36274836717373, -0.22104606369173396, 5.366038319912818, 0.6271954111942615, -0.036894948207978506, -0.7743246577061982, 0.0754055929077613, 0.654188980634786, 0.654188980634786, 0.654188980634786
rpg_box01, 59.77148326594833, 7.316926262820331, 7.615282054113656, 0.07860732286111138, 0.5914959281500742, 0.1908387072072113, 0.7794447020834585, 2.5071809063159147, 2.5071809063159147, 2.5071809063159147
rpg_box01, 41.791480094932716, -1.8873518358690333, 1.0548063184391232, 0.6878878172085952, -0.03294907890919835, 0.24479228486750926, -0.6824964808732529, 1.7913723074231018, 1.7913723074231018, 1.7913723074231018
rpg_box01, 59.898829472312656, 7.659802919471794, 7.877912360097704, 0.6650562273014389, 0.35820010454696793, -0.043030344597090125, 0.6538664153127716, 2.9883746462418133, 2.9883746462418133, 2.9883746462418133
rpg_box01, 44.036366228153184, -3.943962549276616, 9.003458367167493, 0.7320914188467135, 0.34093353042397767, 0.5127804501592332, 0.2913120186640825, 1.488896828643679, 1.488896828643679, 1.488896828643679
rpg_box01, 54.015142283419756, 6.4718863868710095, 3.7588937754498186, 0.08034604275247118, -0.6300701096423044, -0.7098942957765857, 0.30431276537999186, 2.182805300120323, 2.182805300120323, 2.182805300120323
rpg_box01, 46.66451600051552, -0.5538236256129299, 5.7593885633594795, 0.9540090071921925, -0.019736743469240932, 0.15013873491515903, -0.25871922122538954, 0.30226111656888055, 0.30226111656888055, 0.30226111656888055
rpg_box01, 49.547944435092745, 4.518914099774973, 4.06239346031323, 0.2424632578379794, -0.24574074269526627, -0.6535420992831187, -0.6735768556317732, 0.7703137401277821, 0.7703137401277821, 0.7703137401277821
rpg_box01, 55.820138276451225, 4.423613494243908, 0.3265328704416781, 0.8676993518710098, 0.4345860273892513, 0.03183684990868943, 0.23920542332595643, 1.4057228870382714, 1.4057228870382714, 1.4057228870382714
rpg_box01, 44.52205354060263, 0.7530752919955788, 4.482304367751286, 0.5377544307725636, 0.8101416825398494, 0.12434034625207255, 0.19756038238951845, 0.196273761185705, 0.196273761185705, 0.196273761185705
rpg_box01, 58.59147452407305, 4.7614570405328145, 2.3908028720072947, 0.025129170343958368, -0.6332257306805364, 0.12238120297594246, -0.7638170854072893, 0.4566932226552879, 0.4566932226552879, 0.4566932226552879
rpg_box01, 41.030546468903424, -1.7670808102267372, 1.6488147872225656, 0.23218229986869995, 0.8302316283842759, 0.16617067150429363, -0.4787422383599415, 0.33449290438410983, 0.33449290438410983, 0.33449290438410983
rpg_box01, 51.115405628940636, 7.052252095001993, 9.339234033079485, -0.18163946717160115, -0.6289200974376885, -0.7162155066050325, 0.2418717906310735, 2.4066729687008594, 2.4066729687008594, 2.4066729687008594
rpg_box01, 47.75704502757555, 8.80930744577661, 1.6823637620663512, 0.6668100559849024, 0.01242529629473535, 0.7422987175876334, 0.06482727139988559, 1.1705585278341741, 1.1705585278341741, 1.1705585278341741
rpg_box01, 40.02765496839245, -3.4352119549316695, 8.606108496884826, 0.17054971375221276, -0.7369309697680271, -0.6441551097653156, 0.11362101697761681, 0.29402547413742824, 0.29402547413742824, 0.29402547413742824
rpg_box01, 1000.0, 1000.0, 1000.0, 0.5466040383772033, 0.16958480403437703, 0.42538540552741566, 0.7010793651467933, 2.0882536285554076, 2.0882536285554076, 2.0882536285554076
rpg_box01, 45.586716240826426, 5.929644741386809, 4.165053249153518, 0.6810753941898727, 0.3724631175659771, -0.14264733382874778, -0.6140515219700154, 2.5182627513992095, 2.5182627513992095, 2.5182627513992095
rpg_box01, 44.13298836287818, -7.993725876389579, 3.8462711645176184, 0.6746972022388628, -0.7257640318781372, -0.13019017740145192, -0.03317789974094362, 0.329898107364322, 0.329898107364322, 0.329898107364322
rpg_box01, 52.140479238461765, 8.265112819055382, 7.906671228852501, 0.7117473212402203, -0.5647122248898222, -0.3994741832616433, 0.1222138726773703, 2.2111549071039964, 2.2111549071039964, 2.2111549071039964
rpg_box01, 56.67669297463266, -9.927428102644944, 7.6032555677550215, 0.17663500896644607, 0.8261896299543654, -0.20596274047855823, 0.49375106936375784, 1.2463694109383476, 1.2463694109383476, 1.2463694109383476
rpg_box01, 54.4111723482977, -4.774091427306326, 6.814788869511032, 0.439876688024024, -0.5882005537856987, 0.6576274329246082, 0.16749557404362292, 2.8107657487508386, 2.8107657487508386, 2.8107657487508386
rpg_box01, 45.00512798433763, -8.222199826691753, 2.878127399608623, 0.4751590454469382, 0.793479945084276, 0.31022882951820474, -0.21993528960758763, 0.1497273764311988, 0.1497273764311988, 0.1497273764311988
rpg_box01, 49.847329783156674, -9.909215891510971, 1.0874215771096662, 0.23695627575123024, 0.7941511228586187, 0.5269104383739325, -0.18852349290497583, 0.6895746646328296, 0.6895746646328296, 0.6895746646328296
rpg_box01, 44.064501424085336, -2.9298885110680795, 8.127187633497803, 0.5319187171004665, 0.4667050487180847, -0.684672582536243, 0.17456325679362134, 0.32661560666433104, 0.32661560666433104, 0.32661560666433104
rpg_box01, 48.49291319291914, -2.468792379159166, 2.327070162932591, 0.344477020814617, -0.8128609399938816, 0.1947599263462842, 0.42738886912569335, 1.542213142704484, 1.542213142704484, 1.542213142704484
rpg_box01, 53.13297558112542, 3.415081232201347, 5.642080074632, 0.48946005524086106, 0.28291154955833336, -0.49963252585876716, 0.6563209950581379, 2.848815158100318, 2.848815158100318, 2.848815158100318
rpg_box01, 42.89113717220779, 1.8364137656309936, 3.572233405962242, 0.9224491832401159, -0.09848687117589926, -0.259975652161407, 0.2679561546762377, 1.0854626444809439, 1.0854626444809439, 1.0854626444809439
rpg_box01, 41.19881617198145, 6.678639212704137, 9.90447774570124, 0.5342175987636111, -0.045244053277605195, 0.7570935115767963, -0.3733282035187939, 2.8709340024166417, 2.8709340024166417, 2.8709340024166417
rpg_box01, 56.626225997973975, -2.578767424814588, 1.3916909216336537, 0.5874974390510386, 0.04810622581067636, -0.7285318102138081, -0.34896124663537587, 0.17139164553010447, 0.17139164553010447, 0.17139164553010447
rpg_box01, 56.39184626231123, 7.163295886575238, 8.19511412955008, -0.0740608201355328, -0.8800291371668698, -0.40932816359309393, 0.2291596979132502, 0.4889633073376366, 0.4889633073376366, 0.4889633073376366
rpg_box01, 43.13740210918679, 8.309502628775927, 8.02793477518929, 0.3114434499905347, -0.3880540469079935, -0.16324999985734642, 0.8519192870706113, 1.1270435954942968, 1.1270435954942968, 1.1270435954942968
rpg_box01, 46.603740692441, 8.39429555073993, 1.8486817858867532, 0.3571500812529005, 0.7211545218828695, -0.36337249315674436, -0.46940430999937377, 0.8874658459615544, 0.8874658459615544, 0.8874658459615544
rpg_box01, 47.39789963245488, 4.367301394093097, 7.498196393575556, 0.26440567779366136, -0.42812492200761937, -0.12554520990029672, 0.8550070695482787, 2.7463588340070024, 2.7463588340070024, 2.7463588340070024
rpg_box01, 51.812657167013285, 5.839278852994198, 8.254760228060402, -0.22917970524707948, 0.6825791195868084, 0.24994282017303213, 0.6473723772689955, 2.5377442226458884, 2.5377442226458884, 2.5377442226458884
rpg_box01, 41.06203255470213, -3.195975583780606, 0.9217522157575475, 0.835128055484156, 0.5346207240991845, -0.07445095673476601, 0.10582470103049663, 2.728695373966617, 2.728695373966617, 2.728695373966617
rpg_box01, 52.19357559293659, -8.890468386102693, 7.77787607961781, 0.45559533925620627, -0.3278748245183683, -0.34729067054977525, 0.7512124709056414, 2.498655977604027, 2.498655977604027, 2.498655977604027
rpg_box01, 56.88882343283859, -4.603899990237736, 2.4684522738976025, 0.8070673761521138, 0.17692104984468532, -0.5617812394589303, -0.041749628319124765, 1.5830396913133276, 1.5830396913133276, 1.5830396913133276
rpg_box01, 53.0222395316767, -1.5190146315144055, 7.9998731248501995, 0.5634306624179217, 0.4841399360914863, 0.4044775218724954, -0.5334344807270323, 2.8825571852151386, 2.8825571852151386, 2.8825571852151386
rpg_box01, 44.12449922918648, 7.170230574537037, 8.065625704256691, 0.5734978651988407, -0.4051857169499358, -0.7117989404413996, 0.01634018906376683, 1.6856560823368278, 1.6856560823368278, 1.6856560823368278